session_id,day,meal,time_slot,people_in,people_out,cumulative_in,cumulative_out,queue_total,avg_queue_per_counter,longest_counter_queue,sitting,main_dish,items_made_5min,serving_rate_items_per_min,serving_rate_people_per_min,formula_estimate_per_counter,is_synthetic
SYN_breakfast_2026-09-07,Monday,breakfast,07:15-07:20,3,0,3,0,0.0,1.0,,3.0,Idli/Vada,9.0,1.8,0.6,1.0,1
SYN_breakfast_2026-09-07,Monday,breakfast,07:20-07:25,5,0,8,0,0.0,0.0,,8.0,Idli/Vada,15.0,3.0,1.0,0.0,1
SYN_breakfast_2026-09-07,Monday,breakfast,07:25-07:30,11,0,19,0,0.0,0.0,,19.0,Idli/Vada,33.0,6.6,2.2,0.0,1
SYN_breakfast_2026-09-07,Monday,breakfast,07:30-07:35,2,3,21,3,0.0,1.0,,18.0,Idli/Vada,6.0,1.2,0.4,1.0,1
SYN_breakfast_2026-09-07,Monday,breakfast,07:35-07:40,8,2,29,5,0.0,0.0,,24.0,Idli/Vada,24.0,4.8,1.6,0.0,1
SYN_breakfast_2026-09-07,Monday,breakfast,07:40-07:45,4,2,33,7,0.0,0.0,,26.0,Idli/Vada,12.0,2.4,0.8,0.0,1
SYN_breakfast_2026-09-07,Monday,breakfast,07:45-07:50,16,7,49,14,0.0,0.0,,35.0,Idli/Vada,48.0,9.6,3.2,0.0,1
SYN_breakfast_2026-09-07,Monday,breakfast,07:50-07:55,12,6,61,20,0.0,0.0,,41.0,Idli/Vada,36.0,7.2,2.4,0.0,1
SYN_breakfast_2026-09-07,Monday,breakfast,07:55-08:00,34,7,95,27,0.0,0.0,,68.0,Idli/Vada,102.0,20.4,6.8,0.0,1
SYN_breakfast_2026-09-07,Monday,breakfast,08:00-08:05,29,11,124,38,0.0,0.0,,86.0,Idli/Vada,87.0,17.4,5.8,0.0,1
SYN_breakfast_2026-09-07,Monday,breakfast,08:05-08:10,22,9,146,47,0.0,0.0,,99.0,Idli/Vada,66.0,13.2,4.4,0.0,1
SYN_breakfast_2026-09-07,Monday,breakfast,08:10-08:15,23,16,169,63,1.0,0.3,,105.0,Idli/Vada,66.0,13.2,4.4,0.3,1
SYN_breakfast_2026-09-07,Monday,breakfast,08:15-08:20,24,23,193,86,1.0,0.3,,106.0,Idli/Vada,72.0,14.4,4.8,0.0,1
SYN_breakfast_2026-09-07,Monday,breakfast,08:20-08:25,30,31,223,117,1.0,0.3,,105.0,Idli/Vada,90.0,18.0,6.0,0.0,1
SYN_breakfast_2026-09-07,Monday,breakfast,08:25-08:30,34,29,257,146,1.0,0.3,,110.0,Idli/Vada,102.0,20.4,6.8,0.0,1
SYN_breakfast_2026-09-07,Monday,breakfast,08:30-08:35,32,19,289,165,1.0,0.3,,123.0,Idli/Vada,96.0,19.2,6.4,0.0,1
SYN_breakfast_2026-09-07,Monday,breakfast,08:35-08:40,41,29,330,194,1.0,0.3,,135.0,Idli/Vada,123.0,24.6,8.2,0.0,1
SYN_breakfast_2026-09-07,Monday,breakfast,08:40-08:45,54,28,384,222,1.0,0.3,,161.0,Idli/Vada,162.0,32.4,10.8,0.0,1
SYN_breakfast_2026-09-07,Monday,breakfast,08:45-08:50,74,34,458,256,18.0,6.0,,184.0,Idli/Vada,171.0,34.2,11.4,5.7,1
SYN_breakfast_2026-09-07,Monday,breakfast,08:50-08:55,75,37,533,293,36.0,12.0,,204.0,Idli/Vada,171.0,34.2,11.4,6.0,1
SYN_breakfast_2026-09-07,Monday,breakfast,08:55-09:00,61,41,594,334,24.0,8.0,,236.0,Idli/Vada,219.0,43.8,14.6,0.0,1
SYN_breakfast_2026-09-07,Monday,breakfast,09:00-09:05,44,52,638,386,1.0,0.3,,251.0,Idli/Vada,201.0,40.2,13.4,0.0,1
SYN_breakfast_2026-09-07,Monday,breakfast,09:05-09:10,34,52,672,438,1.0,0.3,,233.0,Idli/Vada,102.0,20.4,6.8,0.0,1
SYN_breakfast_2026-09-07,Monday,breakfast,09:10-09:15,30,70,702,508,1.0,0.3,,193.0,Idli/Vada,90.0,18.0,6.0,0.0,1
SYN_breakfast_2026-09-07,Monday,breakfast,09:15-09:20,11,62,713,570,1.0,0.3,,142.0,Idli/Vada,33.0,6.6,2.2,0.0,1
SYN_breakfast_2026-09-07,Monday,breakfast,09:20-09:25,4,66,717,636,1.0,0.3,,80.0,Idli/Vada,12.0,2.4,0.8,0.0,1
SYN_breakfast_2026-09-07,Monday,breakfast,09:25-09:30,3,37,720,673,1.0,1.0,,46.0,Idli/Vada,9.0,1.8,0.6,1.0,1
SYN_breakfast_2026-09-07,Monday,breakfast,09:30-09:35,0,23,720,696,1.0,0.3,,23.0,Idli/Vada,0.0,0.0,0.0,0.0,1
SYN_breakfast_2026-09-07,Monday,breakfast,09:35-09:40,0,13,720,709,1.0,0.3,,10.0,Idli/Vada,0.0,0.0,0.0,0.0,1
SYN_breakfast_2026-09-07,Monday,breakfast,09:40-09:45,0,8,720,717,1.0,0.3,,2.0,Idli/Vada,0.0,0.0,0.0,0.0,1
SYN_breakfast_2026-09-07,Monday,breakfast,09:45-09:50,0,2,720,719,1.0,0.3,,0.0,Idli/Vada,0.0,0.0,0.0,0.0,1
SYN_breakfast_2026-09-07,Monday,breakfast,09:50-09:55,0,1,720,720,1.0,0.3,,0.0,Idli/Vada,0.0,0.0,0.0,0.0,1
SYN_lunch_2026-09-07,Monday,lunch,12:00-12:05,13,0,13,0,0.0,0.0,,13.0,Rice/Dal/Roti,52.0,10.4,2.6,0.0,1
SYN_lunch_2026-09-07,Monday,lunch,12:05-12:10,21,0,34,0,0.0,0.0,,34.0,Rice/Dal/Roti,84.0,16.8,4.2,0.0,1
SYN_lunch_2026-09-07,Monday,lunch,12:10-12:15,24,0,58,0,0.0,0.0,,58.0,Rice/Dal/Roti,96.0,19.2,4.8,0.0,1
SYN_lunch_2026-09-07,Monday,lunch,12:15-12:20,18,6,76,6,0.0,0.0,,70.0,Rice/Dal/Roti,72.0,14.4,3.6,0.0,1
SYN_lunch_2026-09-07,Monday,lunch,12:20-12:25,24,9,100,15,0.0,0.0,,85.0,Rice/Dal/Roti,96.0,19.2,4.8,0.0,1
SYN_lunch_2026-09-07,Monday,lunch,12:25-12:30,26,18,126,33,0.0,0.0,,93.0,Rice/Dal/Roti,104.0,20.8,5.2,0.0,1
SYN_lunch_2026-09-07,Monday,lunch,12:30-12:35,22,23,148,56,0.0,0.0,,92.0,Rice/Dal/Roti,88.0,17.6,4.4,0.0,1
SYN_lunch_2026-09-07,Monday,lunch,12:35-12:40,34,21,182,77,0.0,0.0,,105.0,Rice/Dal/Roti,136.0,27.2,6.8,0.0,1
SYN_lunch_2026-09-07,Monday,lunch,12:40-12:45,22,18,204,95,0.0,0.0,,109.0,Rice/Dal/Roti,88.0,17.6,4.4,0.0,1
SYN_lunch_2026-09-07,Monday,lunch,12:45-12:50,31,34,235,129,0.0,0.0,,106.0,Rice/Dal/Roti,124.0,24.8,6.2,0.0,1
SYN_lunch_2026-09-07,Monday,lunch,12:50-12:55,58,19,293,148,7.0,2.3,,138.0,Rice/Dal/Roti,204.0,40.8,10.2,2.3,1
SYN_lunch_2026-09-07,Monday,lunch,12:55-13:00,49,26,342,174,8.0,2.7,,160.0,Rice/Dal/Roti,192.0,38.4,9.6,0.3,1
SYN_lunch_2026-09-07,Monday,lunch,13:00-13:05,38,30,380,204,1.0,0.3,,175.0,Rice/Dal/Roti,180.0,36.0,9.0,0.0,1
SYN_lunch_2026-09-07,Monday,lunch,13:05-13:10,29,35,409,239,1.0,0.3,,169.0,Rice/Dal/Roti,116.0,23.2,5.8,0.0,1
SYN_lunch_2026-09-07,Monday,lunch,13:10-13:15,45,44,454,283,2.0,0.7,,169.0,Rice/Dal/Roti,176.0,35.2,8.8,0.3,1
SYN_lunch_2026-09-07,Monday,lunch,13:15-13:20,35,48,489,331,1.0,0.3,,157.0,Rice/Dal/Roti,144.0,28.8,7.2,0.0,1
SYN_lunch_2026-09-07,Monday,lunch,13:20-13:25,39,45,528,376,40.0,13.3,,112.0,Rice/Dal/Roti,0.0,0.0,0.0,13.0,1
SYN_lunch_2026-09-07,Monday,lunch,13:25-13:30,34,36,562,412,40.0,13.3,,110.0,Rice/Dal/Roti,136.0,27.2,6.8,0.0,1
SYN_lunch_2026-09-07,Monday,lunch,13:30-13:35,37,34,599,446,45.0,15.0,,108.0,Rice/Dal/Roti,128.0,25.6,6.4,1.7,1
SYN_lunch_2026-09-07,Monday,lunch,13:35-13:40,37,40,636,486,40.0,13.3,,110.0,Rice/Dal/Roti,168.0,33.6,8.4,0.0,1
SYN_lunch_2026-09-07,Monday,lunch,13:40-13:45,33,41,669,527,40.0,13.3,,102.0,Rice/Dal/Roti,132.0,26.4,6.6,0.0,1
SYN_lunch_2026-09-07,Monday,lunch,13:45-13:50,34,35,703,562,40.0,13.3,,101.0,Rice/Dal/Roti,136.0,27.2,6.8,0.0,1
SYN_lunch_2026-09-07,Monday,lunch,13:50-13:55,54,35,757,597,52.0,17.3,,108.0,Rice/Dal/Roti,168.0,33.6,8.4,4.0,1
SYN_lunch_2026-09-07,Monday,lunch,13:55-14:00,45,38,802,635,48.0,16.0,,119.0,Rice/Dal/Roti,196.0,39.2,9.8,0.0,1
SYN_lunch_2026-09-07,Monday,lunch,14:00-14:05,0,31,802,666,40.0,13.3,,96.0,Rice/Dal/Roti,32.0,6.4,1.6,0.0,1
SYN_lunch_2026-09-07,Monday,lunch,14:05-14:10,0,38,802,704,40.0,13.3,,58.0,Rice/Dal/Roti,0.0,0.0,0.0,0.0,1
SYN_lunch_2026-09-07,Monday,lunch,14:10-14:15,0,45,802,749,40.0,13.3,,13.0,Rice/Dal/Roti,0.0,0.0,0.0,0.0,1
SYN_lunch_2026-09-07,Monday,lunch,14:15-14:20,0,28,802,777,40.0,13.3,,0.0,Rice/Dal/Roti,0.0,0.0,0.0,0.0,1
SYN_lunch_2026-09-07,Monday,lunch,14:20-14:25,0,22,802,799,40.0,13.3,,0.0,Rice/Dal/Roti,0.0,0.0,0.0,0.0,1
SYN_lunch_2026-09-07,Monday,lunch,14:25-14:30,0,3,802,802,40.0,13.3,,0.0,Rice/Dal/Roti,0.0,0.0,0.0,0.0,1
SYN_dinner_2026-09-07,Monday,dinner,19:30-19:35,1,0,1,0,0.0,1.0,,1.0,Roti/Sabzi,4.0,0.8,0.2,1.0,1
SYN_dinner_2026-09-07,Monday,dinner,19:35-19:40,4,0,5,0,0.0,0.0,,5.0,Roti/Sabzi,16.0,3.2,0.8,0.0,1
SYN_dinner_2026-09-07,Monday,dinner,19:40-19:45,1,0,6,0,0.0,1.0,,6.0,Roti/Sabzi,4.0,0.8,0.2,1.0,1
SYN_dinner_2026-09-07,Monday,dinner,19:45-19:50,2,0,8,0,0.0,1.0,,8.0,Roti/Sabzi,8.0,1.6,0.4,1.0,1
SYN_dinner_2026-09-07,Monday,dinner,19:50-19:55,2,2,10,2,0.0,1.0,,8.0,Roti/Sabzi,8.0,1.6,0.4,1.0,1
SYN_dinner_2026-09-07,Monday,dinner,19:55-20:00,6,3,16,5,0.0,0.0,,11.0,Roti/Sabzi,24.0,4.8,1.2,0.0,1
SYN_dinner_2026-09-07,Monday,dinner,20:00-20:05,35,1,51,6,0.0,0.0,,45.0,Roti/Sabzi,140.0,28.0,7.0,0.0,1
SYN_dinner_2026-09-07,Monday,dinner,20:05-20:10,32,2,83,8,32.0,10.7,,43.0,Roti/Sabzi,0.0,0.0,0.0,10.7,1
SYN_dinner_2026-09-07,Monday,dinner,20:10-20:15,32,5,115,13,32.0,10.7,,70.0,Roti/Sabzi,128.0,25.6,6.4,0.0,1
SYN_dinner_2026-09-07,Monday,dinner,20:15-20:20,29,16,144,29,33.0,11.0,,82.0,Roti/Sabzi,112.0,22.4,5.6,0.3,1
SYN_dinner_2026-09-07,Monday,dinner,20:20-20:25,31,27,175,56,32.0,10.7,,87.0,Roti/Sabzi,128.0,25.6,6.4,0.0,1
SYN_dinner_2026-09-07,Monday,dinner,20:25-20:30,32,25,207,81,32.0,10.7,,94.0,Roti/Sabzi,128.0,25.6,6.4,0.0,1
SYN_dinner_2026-09-07,Monday,dinner,20:30-20:35,33,32,240,113,32.0,10.7,,95.0,Roti/Sabzi,132.0,26.4,6.6,0.0,1
SYN_dinner_2026-09-07,Monday,dinner,20:35-20:40,40,31,280,144,32.0,10.7,,104.0,Roti/Sabzi,160.0,32.0,8.0,0.0,1
SYN_dinner_2026-09-07,Monday,dinner,20:40-20:45,37,32,317,176,33.0,11.0,,108.0,Roti/Sabzi,144.0,28.8,7.2,0.3,1
SYN_dinner_2026-09-07,Monday,dinner,20:45-20:50,16,35,333,211,32.0,10.7,,90.0,Roti/Sabzi,68.0,13.6,3.4,0.0,1
SYN_dinner_2026-09-07,Monday,dinner,20:50-20:55,27,35,360,246,31.0,10.3,,83.0,Roti/Sabzi,112.0,22.4,5.6,0.0,1
SYN_dinner_2026-09-07,Monday,dinner,20:55-21:00,24,34,384,280,31.0,10.3,,73.0,Roti/Sabzi,96.0,19.2,4.8,0.0,1
SYN_dinner_2026-09-07,Monday,dinner,21:00-21:05,42,26,426,306,33.0,11.0,,87.0,Roti/Sabzi,160.0,32.0,8.0,0.7,1
SYN_dinner_2026-09-07,Monday,dinner,21:05-21:10,43,27,469,333,32.0,10.7,,104.0,Roti/Sabzi,176.0,35.2,8.8,0.0,1
SYN_dinner_2026-09-07,Monday,dinner,21:10-21:15,45,24,514,357,32.0,10.7,,125.0,Roti/Sabzi,180.0,36.0,9.0,0.0,1
SYN_dinner_2026-09-07,Monday,dinner,21:15-21:20,39,25,553,382,31.0,10.3,,140.0,Roti/Sabzi,160.0,32.0,8.0,0.0,1
SYN_dinner_2026-09-07,Monday,dinner,21:20-21:25,47,45,600,427,31.0,10.3,,142.0,Roti/Sabzi,188.0,37.6,9.4,0.0,1
SYN_dinner_2026-09-07,Monday,dinner,21:25-21:30,33,44,633,471,31.0,10.3,,131.0,Roti/Sabzi,132.0,26.4,6.6,0.0,1
SYN_dinner_2026-09-07,Monday,dinner,21:30-21:35,61,45,694,516,46.0,15.3,,132.0,Roti/Sabzi,184.0,36.8,9.2,5.0,1
SYN_dinner_2026-09-07,Monday,dinner,21:35-21:40,24,43,718,559,31.0,10.3,,128.0,Roti/Sabzi,156.0,31.2,7.8,0.0,1
SYN_dinner_2026-09-07,Monday,dinner,21:40-21:45,24,37,742,596,31.0,10.3,,115.0,Roti/Sabzi,96.0,19.2,4.8,0.0,1
SYN_dinner_2026-09-07,Monday,dinner,21:45-21:50,0,35,742,631,31.0,10.3,,80.0,Roti/Sabzi,0.0,0.0,0.0,0.0,1
SYN_dinner_2026-09-07,Monday,dinner,21:50-21:55,0,45,742,676,31.0,10.3,,35.0,Roti/Sabzi,0.0,0.0,0.0,0.0,1
SYN_dinner_2026-09-07,Monday,dinner,21:55-22:00,0,35,742,711,31.0,10.3,,0.0,Roti/Sabzi,0.0,0.0,0.0,0.0,1
SYN_dinner_2026-09-07,Monday,dinner,22:00-22:05,0,22,742,733,31.0,10.3,,0.0,Roti/Sabzi,0.0,0.0,0.0,0.0,1
SYN_dinner_2026-09-07,Monday,dinner,22:05-22:10,0,9,742,742,31.0,10.3,,0.0,Roti/Sabzi,0.0,0.0,0.0,0.0,1
SYN_breakfast_2026-09-08,Tuesday,breakfast,07:15-07:20,4,0,4,0,0.0,0.0,,4.0,Aloo Paratha,8.0,1.6,0.8,0.0,1
SYN_breakfast_2026-09-08,Tuesday,breakfast,07:20-07:25,5,0,9,0,0.0,0.0,,9.0,Aloo Paratha,10.0,2.0,1.0,0.0,1
SYN_breakfast_2026-09-08,Tuesday,breakfast,07:25-07:30,3,0,12,0,0.0,1.0,,12.0,Aloo Paratha,8.0,1.6,0.8,1.0,1
SYN_breakfast_2026-09-08,Tuesday,breakfast,07:30-07:35,5,1,17,1,0.0,0.0,,16.0,Aloo Paratha,8.0,1.6,0.8,0.3,1
SYN_breakfast_2026-09-08,Tuesday,breakfast,07:35-07:40,3,4,20,5,3.0,1.0,,12.0,Aloo Paratha,0.0,0.0,0.0,1.0,1
SYN_breakfast_2026-09-08,Tuesday,breakfast,07:40-07:45,3,5,23,10,3.0,1.0,,10.0,Aloo Paratha,6.0,1.2,0.6,1.0,1
SYN_breakfast_2026-09-08,Tuesday,breakfast,07:45-07:50,15,4,38,14,4.0,1.3,,20.0,Aloo Paratha,28.0,5.6,2.8,0.3,1
SYN_breakfast_2026-09-08,Tuesday,breakfast,07:50-07:55,20,4,58,18,4.0,1.3,,36.0,Aloo Paratha,40.0,8.0,4.0,0.0,1
SYN_breakfast_2026-09-08,Tuesday,breakfast,07:55-08:00,19,4,77,22,3.0,1.0,,52.0,Aloo Paratha,40.0,8.0,4.0,0.0,1
SYN_breakfast_2026-09-08,Tuesday,breakfast,08:00-08:05,15,10,92,32,3.0,1.0,,57.0,Aloo Paratha,30.0,6.0,3.0,0.0,1
SYN_breakfast_2026-09-08,Tuesday,breakfast,08:05-08:10,18,9,110,41,3.0,1.0,,66.0,Aloo Paratha,36.0,7.2,3.6,0.0,1
SYN_breakfast_2026-09-08,Tuesday,breakfast,08:10-08:15,28,15,138,56,3.0,1.0,,79.0,Aloo Paratha,56.0,11.2,5.6,0.0,1
SYN_breakfast_2026-09-08,Tuesday,breakfast,08:15-08:20,21,19,159,75,4.0,1.3,,80.0,Aloo Paratha,40.0,8.0,4.0,0.3,1
SYN_breakfast_2026-09-08,Tuesday,breakfast,08:20-08:25,34,22,193,97,5.0,1.7,,91.0,Aloo Paratha,66.0,13.2,6.6,0.3,1
SYN_breakfast_2026-09-08,Tuesday,breakfast,08:25-08:30,29,18,222,115,6.0,2.0,,101.0,Aloo Paratha,56.0,11.2,5.6,0.3,1
SYN_breakfast_2026-09-08,Tuesday,breakfast,08:30-08:35,41,23,263,138,5.0,1.7,,120.0,Aloo Paratha,84.0,16.8,8.4,0.0,1
SYN_breakfast_2026-09-08,Tuesday,breakfast,08:35-08:40,53,20,316,158,10.0,3.3,,148.0,Aloo Paratha,96.0,19.2,9.6,1.7,1
SYN_breakfast_2026-09-08,Tuesday,breakfast,08:40-08:45,59,33,375,191,21.0,7.0,,163.0,Aloo Paratha,96.0,19.2,9.6,3.7,1
SYN_breakfast_2026-09-08,Tuesday,breakfast,08:45-08:50,55,32,430,223,26.0,8.7,,181.0,Aloo Paratha,100.0,20.0,10.0,1.7,1
SYN_breakfast_2026-09-08,Tuesday,breakfast,08:50-08:55,84,44,514,267,55.0,18.3,,192.0,Aloo Paratha,110.0,22.0,11.0,9.7,1
SYN_breakfast_2026-09-08,Tuesday,breakfast,08:55-09:00,35,35,549,302,26.0,8.7,,221.0,Aloo Paratha,128.0,25.6,12.8,0.0,1
SYN_breakfast_2026-09-08,Tuesday,breakfast,09:00-09:05,45,56,594,358,9.0,3.0,,227.0,Aloo Paratha,124.0,24.8,12.4,0.0,1
SYN_breakfast_2026-09-08,Tuesday,breakfast,09:05-09:10,38,54,632,412,5.0,1.7,,215.0,Aloo Paratha,84.0,16.8,8.4,0.0,1
SYN_breakfast_2026-09-08,Tuesday,breakfast,09:10-09:15,17,52,649,464,6.0,2.0,,179.0,Aloo Paratha,32.0,6.4,3.2,0.3,1
SYN_breakfast_2026-09-08,Tuesday,breakfast,09:15-09:20,8,63,657,527,6.0,2.0,,124.0,Aloo Paratha,16.0,3.2,1.6,0.0,1
SYN_breakfast_2026-09-08,Tuesday,breakfast,09:20-09:25,8,56,665,583,6.0,2.0,,76.0,Aloo Paratha,16.0,3.2,1.6,0.0,1
SYN_breakfast_2026-09-08,Tuesday,breakfast,09:25-09:30,1,42,666,625,6.0,2.0,,35.0,Aloo Paratha,2.0,0.4,0.2,1.0,1
SYN_breakfast_2026-09-08,Tuesday,breakfast,09:30-09:35,0,18,666,643,6.0,2.0,,17.0,Aloo Paratha,0.0,0.0,0.0,0.0,1
SYN_breakfast_2026-09-08,Tuesday,breakfast,09:35-09:40,0,15,666,658,6.0,2.0,,2.0,Aloo Paratha,0.0,0.0,0.0,0.0,1
SYN_breakfast_2026-09-08,Tuesday,breakfast,09:40-09:45,0,6,666,664,6.0,2.0,,0.0,Aloo Paratha,0.0,0.0,0.0,0.0,1
SYN_breakfast_2026-09-08,Tuesday,breakfast,09:45-09:50,0,2,666,666,6.0,2.0,,0.0,Aloo Paratha,0.0,0.0,0.0,0.0,1
SYN_lunch_2026-09-08,Tuesday,lunch,12:00-12:05,14,0,14,0,0.0,0.0,,14.0,Rice/Dal/Roti,56.0,11.2,2.8,0.0,1
SYN_lunch_2026-09-08,Tuesday,lunch,12:05-12:10,31,0,45,0,0.0,0.0,,45.0,Rice/Dal/Roti,128.0,25.6,6.4,0.0,1
SYN_lunch_2026-09-08,Tuesday,lunch,12:10-12:15,26,1,71,1,0.0,0.0,,70.0,Rice/Dal/Roti,104.0,20.8,5.2,0.0,1
SYN_lunch_2026-09-08,Tuesday,lunch,12:15-12:20,30,5,101,6,0.0,0.0,,95.0,Rice/Dal/Roti,120.0,24.0,6.0,0.0,1
SYN_lunch_2026-09-08,Tuesday,lunch,12:20-12:25,23,15,124,21,0.0,0.0,,103.0,Rice/Dal/Roti,92.0,18.4,4.6,0.0,1
SYN_lunch_2026-09-08,Tuesday,lunch,12:25-12:30,28,25,152,46,0.0,0.0,,106.0,Rice/Dal/Roti,112.0,22.4,5.6,0.0,1
SYN_lunch_2026-09-08,Tuesday,lunch,12:30-12:35,22,23,174,69,0.0,0.0,,105.0,Rice/Dal/Roti,88.0,17.6,4.4,0.0,1
SYN_lunch_2026-09-08,Tuesday,lunch,12:35-12:40,33,35,207,104,0.0,0.0,,103.0,Rice/Dal/Roti,132.0,26.4,6.6,0.0,1
SYN_lunch_2026-09-08,Tuesday,lunch,12:40-12:45,41,21,248,125,0.0,0.0,,123.0,Rice/Dal/Roti,164.0,32.8,8.2,0.0,1
SYN_lunch_2026-09-08,Tuesday,lunch,12:45-12:50,37,18,285,143,0.0,0.0,,142.0,Rice/Dal/Roti,148.0,29.6,7.4,0.0,1
SYN_lunch_2026-09-08,Tuesday,lunch,12:50-12:55,34,39,319,182,0.0,0.0,,137.0,Rice/Dal/Roti,136.0,27.2,6.8,0.0,1
SYN_lunch_2026-09-08,Tuesday,lunch,12:55-13:00,36,30,355,212,0.0,0.0,,143.0,Rice/Dal/Roti,144.0,28.8,7.2,0.0,1
SYN_lunch_2026-09-08,Tuesday,lunch,13:00-13:05,34,38,389,250,0.0,0.0,,139.0,Rice/Dal/Roti,132.0,26.4,6.6,0.3,1
SYN_lunch_2026-09-08,Tuesday,lunch,13:05-13:10,29,38,418,288,0.0,0.0,,130.0,Rice/Dal/Roti,120.0,24.0,6.0,0.0,1
SYN_lunch_2026-09-08,Tuesday,lunch,13:10-13:15,41,36,459,324,1.0,0.3,,134.0,Rice/Dal/Roti,156.0,31.2,7.8,0.7,1
SYN_lunch_2026-09-08,Tuesday,lunch,13:15-13:20,33,36,492,360,1.0,0.3,,131.0,Rice/Dal/Roti,132.0,26.4,6.6,0.0,1
SYN_lunch_2026-09-08,Tuesday,lunch,13:20-13:25,39,27,531,387,0.0,0.0,,144.0,Rice/Dal/Roti,164.0,32.8,8.2,0.0,1
SYN_lunch_2026-09-08,Tuesday,lunch,13:25-13:30,36,34,567,421,0.0,0.0,,146.0,Rice/Dal/Roti,144.0,28.8,7.2,0.0,1
SYN_lunch_2026-09-08,Tuesday,lunch,13:30-13:35,37,40,604,461,0.0,0.0,,143.0,Rice/Dal/Roti,148.0,29.6,7.4,0.0,1
SYN_lunch_2026-09-08,Tuesday,lunch,13:35-13:40,24,29,628,490,0.0,0.0,,138.0,Rice/Dal/Roti,96.0,19.2,4.8,0.0,1
SYN_lunch_2026-09-08,Tuesday,lunch,13:40-13:45,50,38,678,528,5.0,1.7,,145.0,Rice/Dal/Roti,176.0,35.2,8.8,2.0,1
SYN_lunch_2026-09-08,Tuesday,lunch,13:45-13:50,53,36,731,564,9.0,3.0,,158.0,Rice/Dal/Roti,196.0,39.2,9.8,1.3,1
SYN_lunch_2026-09-08,Tuesday,lunch,13:50-13:55,58,37,789,601,19.0,6.3,,169.0,Rice/Dal/Roti,192.0,38.4,9.6,3.3,1
SYN_lunch_2026-09-08,Tuesday,lunch,13:55-14:00,42,35,831,636,17.0,5.7,,178.0,Rice/Dal/Roti,176.0,35.2,8.8,0.0,1
SYN_lunch_2026-09-08,Tuesday,lunch,14:00-14:05,0,36,831,672,0.0,0.0,,159.0,Rice/Dal/Roti,68.0,13.6,3.4,0.0,1
SYN_lunch_2026-09-08,Tuesday,lunch,14:05-14:10,0,48,831,720,0.0,0.0,,111.0,Rice/Dal/Roti,0.0,0.0,0.0,0.0,1
SYN_lunch_2026-09-08,Tuesday,lunch,14:10-14:15,0,44,831,764,0.0,0.0,,67.0,Rice/Dal/Roti,0.0,0.0,0.0,0.0,1
SYN_lunch_2026-09-08,Tuesday,lunch,14:15-14:20,0,48,831,812,0.0,0.0,,19.0,Rice/Dal/Roti,0.0,0.0,0.0,0.0,1
SYN_lunch_2026-09-08,Tuesday,lunch,14:20-14:25,0,18,831,830,0.0,0.0,,1.0,Rice/Dal/Roti,0.0,0.0,0.0,0.0,1
SYN_lunch_2026-09-08,Tuesday,lunch,14:25-14:30,0,1,831,831,0.0,0.0,,0.0,Rice/Dal/Roti,0.0,0.0,0.0,0.0,1
SYN_dinner_2026-09-08,Tuesday,dinner,19:30-19:35,5,0,5,0,0.0,0.0,,5.0,Roti/Sabzi,24.0,4.8,1.2,0.0,1
SYN_dinner_2026-09-08,Tuesday,dinner,19:35-19:40,8,0,13,0,0.0,0.0,,13.0,Roti/Sabzi,32.0,6.4,1.6,0.0,1
SYN_dinner_2026-09-08,Tuesday,dinner,19:40-19:45,3,2,16,2,0.0,1.0,,14.0,Roti/Sabzi,12.0,2.4,0.6,1.0,1
SYN_dinner_2026-09-08,Tuesday,dinner,19:45-19:50,7,2,23,4,0.0,0.0,,19.0,Roti/Sabzi,28.0,5.6,1.4,0.0,1
SYN_dinner_2026-09-08,Tuesday,dinner,19:50-19:55,2,2,25,6,0.0,1.0,,19.0,Roti/Sabzi,8.0,1.6,0.4,1.0,1
SYN_dinner_2026-09-08,Tuesday,dinner,19:55-20:00,3,4,28,10,0.0,1.0,,18.0,Roti/Sabzi,12.0,2.4,0.6,1.0,1
SYN_dinner_2026-09-08,Tuesday,dinner,20:00-20:05,39,9,67,19,0.0,0.0,,48.0,Roti/Sabzi,156.0,31.2,7.8,0.0,1
SYN_dinner_2026-09-08,Tuesday,dinner,20:05-20:10,42,5,109,24,3.0,1.0,,82.0,Roti/Sabzi,152.0,30.4,7.6,1.3,1
SYN_dinner_2026-09-08,Tuesday,dinner,20:10-20:15,29,3,138,27,0.0,0.0,,111.0,Roti/Sabzi,128.0,25.6,6.4,0.0,1
SYN_dinner_2026-09-08,Tuesday,dinner,20:15-20:20,36,9,174,36,0.0,0.0,,138.0,Roti/Sabzi,144.0,28.8,7.2,0.0,1
SYN_dinner_2026-09-08,Tuesday,dinner,20:20-20:25,45,28,219,64,1.0,0.3,,154.0,Roti/Sabzi,176.0,35.2,8.8,0.3,1
SYN_dinner_2026-09-08,Tuesday,dinner,20:25-20:30,33,36,252,100,0.0,0.0,,152.0,Roti/Sabzi,136.0,27.2,6.8,0.0,1
SYN_dinner_2026-09-08,Tuesday,dinner,20:30-20:35,51,44,303,144,4.0,1.3,,155.0,Roti/Sabzi,188.0,37.6,9.4,1.3,1
SYN_dinner_2026-09-08,Tuesday,dinner,20:35-20:40,42,32,345,176,0.0,0.0,,169.0,Roti/Sabzi,184.0,36.8,9.2,0.0,1
SYN_dinner_2026-09-08,Tuesday,dinner,20:40-20:45,38,39,383,215,0.0,0.0,,168.0,Roti/Sabzi,152.0,30.4,7.6,0.0,1
SYN_dinner_2026-09-08,Tuesday,dinner,20:45-20:50,28,35,411,250,0.0,0.0,,161.0,Roti/Sabzi,112.0,22.4,5.6,0.0,1
SYN_dinner_2026-09-08,Tuesday,dinner,20:50-20:55,44,51,455,301,0.0,0.0,,154.0,Roti/Sabzi,176.0,35.2,8.8,0.0,1
SYN_dinner_2026-09-08,Tuesday,dinner,20:55-21:00,32,41,487,342,0.0,0.0,,145.0,Roti/Sabzi,128.0,25.6,6.4,0.0,1
SYN_dinner_2026-09-08,Tuesday,dinner,21:00-21:05,40,40,527,382,1.0,0.3,,144.0,Roti/Sabzi,156.0,31.2,7.8,0.3,1
SYN_dinner_2026-09-08,Tuesday,dinner,21:05-21:10,49,33,576,415,6.0,2.0,,155.0,Roti/Sabzi,176.0,35.2,8.8,1.7,1
SYN_dinner_2026-09-08,Tuesday,dinner,21:10-21:15,42,40,618,455,2.0,0.7,,161.0,Roti/Sabzi,184.0,36.8,9.2,0.0,1
SYN_dinner_2026-09-08,Tuesday,dinner,21:15-21:20,40,33,658,488,2.0,0.7,,168.0,Roti/Sabzi,160.0,32.0,8.0,0.0,1
SYN_dinner_2026-09-08,Tuesday,dinner,21:20-21:25,60,37,718,525,18.0,6.0,,175.0,Roti/Sabzi,176.0,35.2,8.8,5.3,1
SYN_dinner_2026-09-08,Tuesday,dinner,21:25-21:30,29,49,747,574,3.0,1.0,,170.0,Roti/Sabzi,176.0,35.2,8.8,0.0,1
SYN_dinner_2026-09-08,Tuesday,dinner,21:30-21:35,32,44,779,618,0.0,0.0,,161.0,Roti/Sabzi,140.0,28.0,7.0,0.0,1
SYN_dinner_2026-09-08,Tuesday,dinner,21:35-21:40,40,32,819,650,0.0,0.0,,169.0,Roti/Sabzi,160.0,32.0,8.0,0.0,1
SYN_dinner_2026-09-08,Tuesday,dinner,21:40-21:45,15,45,834,695,0.0,0.0,,139.0,Roti/Sabzi,64.0,12.8,3.2,0.0,1
SYN_dinner_2026-09-08,Tuesday,dinner,21:45-21:50,0,46,834,741,0.0,0.0,,93.0,Roti/Sabzi,0.0,0.0,0.0,0.0,1
SYN_dinner_2026-09-08,Tuesday,dinner,21:50-21:55,0,26,834,767,0.0,0.0,,67.0,Roti/Sabzi,0.0,0.0,0.0,0.0,1
SYN_dinner_2026-09-08,Tuesday,dinner,21:55-22:00,0,40,834,807,0.0,0.0,,27.0,Roti/Sabzi,0.0,0.0,0.0,0.0,1
SYN_dinner_2026-09-08,Tuesday,dinner,22:00-22:05,0,24,834,831,0.0,0.0,,3.0,Roti/Sabzi,0.0,0.0,0.0,0.0,1
SYN_dinner_2026-09-08,Tuesday,dinner,22:05-22:10,0,3,834,834,0.0,0.0,,0.0,Roti/Sabzi,0.0,0.0,0.0,0.0,1
SYN_breakfast_2026-09-09,Wednesday,breakfast,07:15-07:20,9,0,9,0,0.0,0.0,,9.0,Dosa,20.0,4.0,2.0,0.0,1
SYN_breakfast_2026-09-09,Wednesday,breakfast,07:20-07:25,3,0,12,0,0.0,1.0,,12.0,Dosa,6.0,1.2,0.6,1.0,1
SYN_breakfast_2026-09-09,Wednesday,breakfast,07:25-07:30,4,0,16,0,0.0,0.0,,16.0,Dosa,8.0,1.6,0.8,0.0,1
SYN_breakfast_2026-09-09,Wednesday,breakfast,07:30-07:35,10,0,26,0,0.0,0.0,,26.0,Dosa,20.0,4.0,2.0,0.0,1
SYN_breakfast_2026-09-09,Wednesday,breakfast,07:35-07:40,4,5,30,5,0.0,0.0,,25.0,Dosa,8.0,1.6,0.8,0.0,1
SYN_breakfast_2026-09-09,Wednesday,breakfast,07:40-07:45,4,6,34,11,0.0,0.0,,23.0,Dosa,8.0,1.6,0.8,0.0,1
SYN_breakfast_2026-09-09,Wednesday,breakfast,07:45-07:50,21,8,55,19,0.0,0.0,,36.0,Dosa,42.0,8.4,4.2,0.0,1
SYN_breakfast_2026-09-09,Wednesday,breakfast,07:50-07:55,22,7,77,26,0.0,0.0,,51.0,Dosa,44.0,8.8,4.4,0.0,1
SYN_breakfast_2026-09-09,Wednesday,breakfast,07:55-08:00,27,2,104,28,0.0,0.0,,76.0,Dosa,56.0,11.2,5.6,0.0,1
SYN_breakfast_2026-09-09,Wednesday,breakfast,08:00-08:05,26,8,130,36,0.0,0.0,,94.0,Dosa,52.0,10.4,5.2,0.0,1
SYN_breakfast_2026-09-09,Wednesday,breakfast,08:05-08:10,23,20,153,56,21.0,7.0,,76.0,Dosa,0.0,0.0,0.0,7.7,1
SYN_breakfast_2026-09-09,Wednesday,breakfast,08:10-08:15,27,23,180,79,21.0,7.0,,80.0,Dosa,54.0,10.8,5.4,0.0,1
SYN_breakfast_2026-09-09,Wednesday,breakfast,08:15-08:20,28,20,208,99,21.0,7.0,,88.0,Dosa,56.0,11.2,5.6,0.0,1
SYN_breakfast_2026-09-09,Wednesday,breakfast,08:20-08:25,26,28,234,127,21.0,7.0,,86.0,Dosa,52.0,10.4,5.2,0.0,1
SYN_breakfast_2026-09-09,Wednesday,breakfast,08:25-08:30,33,28,267,155,20.0,6.7,,92.0,Dosa,68.0,13.6,6.8,0.0,1
SYN_breakfast_2026-09-09,Wednesday,breakfast,08:30-08:35,26,27,293,182,19.0,6.3,,92.0,Dosa,54.0,10.8,5.4,0.0,1
SYN_breakfast_2026-09-09,Wednesday,breakfast,08:35-08:40,31,27,324,209,19.0,6.3,,96.0,Dosa,62.0,12.4,6.2,0.0,1
SYN_breakfast_2026-09-09,Wednesday,breakfast,08:40-08:45,46,24,370,233,23.0,7.7,,114.0,Dosa,84.0,16.8,8.4,1.3,1
SYN_breakfast_2026-09-09,Wednesday,breakfast,08:45-08:50,48,30,418,263,17.0,5.7,,138.0,Dosa,108.0,21.6,10.8,0.0,1
SYN_breakfast_2026-09-09,Wednesday,breakfast,08:50-08:55,74,35,492,298,43.0,14.3,,151.0,Dosa,96.0,19.2,9.6,8.7,1
SYN_breakfast_2026-09-09,Wednesday,breakfast,08:55-09:00,60,28,552,326,103.0,34.3,,123.0,Dosa,0.0,0.0,0.0,20.0,1
SYN_breakfast_2026-09-09,Wednesday,breakfast,09:00-09:05,60,42,612,368,110.0,36.7,,134.0,Dosa,106.0,21.2,10.6,2.3,1
SYN_breakfast_2026-09-09,Wednesday,breakfast,09:05-09:10,43,45,655,413,99.0,33.0,,143.0,Dosa,108.0,21.6,10.8,0.0,1
SYN_breakfast_2026-09-09,Wednesday,breakfast,09:10-09:15,29,54,684,467,78.0,26.0,,139.0,Dosa,100.0,20.0,10.0,0.0,1
SYN_breakfast_2026-09-09,Wednesday,breakfast,09:15-09:20,17,51,701,518,65.0,21.7,,118.0,Dosa,60.0,12.0,6.0,0.0,1
SYN_breakfast_2026-09-09,Wednesday,breakfast,09:20-09:25,4,46,705,564,66.0,22.0,,75.0,Dosa,6.0,1.2,0.6,0.3,1
SYN_breakfast_2026-09-09,Wednesday,breakfast,09:25-09:30,2,57,707,621,66.0,22.0,,20.0,Dosa,4.0,0.8,0.4,1.0,1
SYN_breakfast_2026-09-09,Wednesday,breakfast,09:30-09:35,0,43,707,664,66.0,22.0,,0.0,Dosa,0.0,0.0,0.0,0.0,1
SYN_breakfast_2026-09-09,Wednesday,breakfast,09:35-09:40,0,30,707,694,66.0,22.0,,0.0,Dosa,0.0,0.0,0.0,0.0,1
SYN_breakfast_2026-09-09,Wednesday,breakfast,09:40-09:45,0,11,707,705,66.0,22.0,,0.0,Dosa,0.0,0.0,0.0,0.0,1
SYN_breakfast_2026-09-09,Wednesday,breakfast,09:45-09:50,0,2,707,707,66.0,22.0,,0.0,Dosa,0.0,0.0,0.0,0.0,1
SYN_lunch_2026-09-09,Wednesday,lunch,12:00-12:05,11,0,11,0,0.0,0.0,,11.0,Rice/Dal/Roti,44.0,8.8,2.2,0.0,1
SYN_lunch_2026-09-09,Wednesday,lunch,12:05-12:10,16,0,27,0,0.0,0.0,,27.0,Rice/Dal/Roti,64.0,12.8,3.2,0.0,1
SYN_lunch_2026-09-09,Wednesday,lunch,12:10-12:15,18,2,45,2,0.0,0.0,,43.0,Rice/Dal/Roti,72.0,14.4,3.6,0.0,1
SYN_lunch_2026-09-09,Wednesday,lunch,12:15-12:20,16,2,61,4,0.0,0.0,,57.0,Rice/Dal/Roti,64.0,12.8,3.2,0.0,1
SYN_lunch_2026-09-09,Wednesday,lunch,12:20-12:25,25,10,86,14,0.0,0.0,,72.0,Rice/Dal/Roti,100.0,20.0,5.0,0.0,1
SYN_lunch_2026-09-09,Wednesday,lunch,12:25-12:30,23,19,109,33,0.0,0.0,,76.0,Rice/Dal/Roti,92.0,18.4,4.6,0.0,1
SYN_lunch_2026-09-09,Wednesday,lunch,12:30-12:35,21,9,130,42,0.0,0.0,,88.0,Rice/Dal/Roti,84.0,16.8,4.2,0.0,1
SYN_lunch_2026-09-09,Wednesday,lunch,12:35-12:40,26,19,156,61,0.0,0.0,,95.0,Rice/Dal/Roti,104.0,20.8,5.2,0.0,1
SYN_lunch_2026-09-09,Wednesday,lunch,12:40-12:45,43,22,199,83,0.0,0.0,,116.0,Rice/Dal/Roti,172.0,34.4,8.6,0.0,1
SYN_lunch_2026-09-09,Wednesday,lunch,12:45-12:50,64,24,263,107,12.0,4.0,,144.0,Rice/Dal/Roti,208.0,41.6,10.4,4.0,1
SYN_lunch_2026-09-09,Wednesday,lunch,12:50-12:55,98,22,361,129,63.0,21.0,,169.0,Rice/Dal/Roti,188.0,37.6,9.4,17.0,1
SYN_lunch_2026-09-09,Wednesday,lunch,12:55-13:00,65,38,426,167,79.0,26.3,,180.0,Rice/Dal/Roti,196.0,39.2,9.8,5.3,1
SYN_lunch_2026-09-09,Wednesday,lunch,13:00-13:05,40,35,466,202,69.0,23.0,,195.0,Rice/Dal/Roti,200.0,40.0,10.0,0.0,1
SYN_lunch_2026-09-09,Wednesday,lunch,13:05-13:10,38,47,504,249,64.0,21.3,,191.0,Rice/Dal/Roti,172.0,34.4,8.6,0.0,1
SYN_lunch_2026-09-09,Wednesday,lunch,13:10-13:15,31,49,535,298,49.0,16.3,,188.0,Rice/Dal/Roti,184.0,36.8,9.2,0.0,1
SYN_lunch_2026-09-09,Wednesday,lunch,13:15-13:20,32,51,567,349,31.0,10.3,,187.0,Rice/Dal/Roti,200.0,40.0,10.0,0.0,1
SYN_lunch_2026-09-09,Wednesday,lunch,13:20-13:25,25,44,592,393,10.0,3.3,,189.0,Rice/Dal/Roti,184.0,36.8,9.2,0.0,1
SYN_lunch_2026-09-09,Wednesday,lunch,13:25-13:30,44,43,636,436,10.0,3.3,,190.0,Rice/Dal/Roti,176.0,35.2,8.8,0.0,1
SYN_lunch_2026-09-09,Wednesday,lunch,13:30-13:35,31,53,667,489,1.0,0.3,,177.0,Rice/Dal/Roti,160.0,32.0,8.0,0.0,1
SYN_lunch_2026-09-09,Wednesday,lunch,13:35-13:40,28,45,695,534,1.0,0.3,,160.0,Rice/Dal/Roti,112.0,22.4,5.6,0.0,1
SYN_lunch_2026-09-09,Wednesday,lunch,13:40-13:45,39,50,734,584,1.0,0.3,,149.0,Rice/Dal/Roti,156.0,31.2,7.8,0.0,1
SYN_lunch_2026-09-09,Wednesday,lunch,13:45-13:50,51,46,785,630,6.0,2.0,,149.0,Rice/Dal/Roti,184.0,36.8,9.2,1.7,1
SYN_lunch_2026-09-09,Wednesday,lunch,13:50-13:55,57,32,842,662,17.0,5.7,,163.0,Rice/Dal/Roti,184.0,36.8,9.2,3.7,1
SYN_lunch_2026-09-09,Wednesday,lunch,13:55-14:00,44,37,886,699,14.0,4.7,,173.0,Rice/Dal/Roti,188.0,37.6,9.4,0.0,1
SYN_lunch_2026-09-09,Wednesday,lunch,14:00-14:05,0,34,886,733,1.0,0.3,,152.0,Rice/Dal/Roti,52.0,10.4,2.6,0.0,1
SYN_lunch_2026-09-09,Wednesday,lunch,14:05-14:10,0,43,886,776,1.0,0.3,,109.0,Rice/Dal/Roti,0.0,0.0,0.0,0.0,1
SYN_lunch_2026-09-09,Wednesday,lunch,14:10-14:15,0,46,886,822,1.0,0.3,,63.0,Rice/Dal/Roti,0.0,0.0,0.0,0.0,1
SYN_lunch_2026-09-09,Wednesday,lunch,14:15-14:20,0,42,886,864,1.0,0.3,,21.0,Rice/Dal/Roti,0.0,0.0,0.0,0.0,1
SYN_lunch_2026-09-09,Wednesday,lunch,14:20-14:25,0,21,886,885,1.0,0.3,,0.0,Rice/Dal/Roti,0.0,0.0,0.0,0.0,1
SYN_lunch_2026-09-09,Wednesday,lunch,14:25-14:30,0,1,886,886,1.0,0.3,,0.0,Rice/Dal/Roti,0.0,0.0,0.0,0.0,1
SYN_dinner_2026-09-09,Wednesday,dinner,19:30-19:35,37,0,37,0,0.0,0.0,,37.0,Veg Biryani (special),37.0,7.4,7.4,0.0,1
SYN_dinner_2026-09-09,Wednesday,dinner,19:35-19:40,29,0,66,0,0.0,0.0,,66.0,Veg Biryani (special),30.0,6.0,6.0,0.0,1
SYN_dinner_2026-09-09,Wednesday,dinner,19:40-19:45,25,0,91,0,0.0,0.0,,91.0,Veg Biryani (special),26.0,5.2,5.2,0.0,1
SYN_dinner_2026-09-09,Wednesday,dinner,19:45-19:50,13,15,104,15,0.0,0.0,,89.0,Veg Biryani (special),15.0,3.0,3.0,0.0,1
SYN_dinner_2026-09-09,Wednesday,dinner,19:50-19:55,5,25,109,40,0.0,0.0,,69.0,Veg Biryani (special),6.0,1.2,1.2,0.0,1
SYN_dinner_2026-09-09,Wednesday,dinner,19:55-20:00,1,28,110,68,0.0,1.0,,42.0,Veg Biryani (special),1.0,0.2,0.2,1.0,1
SYN_dinner_2026-09-09,Wednesday,dinner,20:00-20:05,37,21,147,89,1.0,0.3,,57.0,Veg Biryani (special),31.0,6.2,6.2,2.0,1
SYN_dinner_2026-09-09,Wednesday,dinner,20:05-20:10,40,11,187,100,1.0,0.3,,86.0,Veg Biryani (special),40.0,8.0,8.0,0.0,1
SYN_dinner_2026-09-09,Wednesday,dinner,20:10-20:15,29,11,216,111,0.0,0.0,,105.0,Veg Biryani (special),34.0,6.8,6.8,0.0,1
SYN_dinner_2026-09-09,Wednesday,dinner,20:15-20:20,35,13,251,124,0.0,0.0,,127.0,Veg Biryani (special),32.0,6.4,6.4,1.0,1
SYN_dinner_2026-09-09,Wednesday,dinner,20:20-20:25,22,23,273,147,0.0,0.0,,126.0,Veg Biryani (special),23.0,4.6,4.6,0.0,1
SYN_dinner_2026-09-09,Wednesday,dinner,20:25-20:30,38,32,311,179,7.0,2.3,,125.0,Veg Biryani (special),29.0,5.8,5.8,3.0,1
SYN_dinner_2026-09-09,Wednesday,dinner,20:30-20:35,34,34,345,213,6.0,2.0,,126.0,Veg Biryani (special),35.0,7.0,7.0,0.0,1
SYN_dinner_2026-09-09,Wednesday,dinner,20:35-20:40,36,28,381,241,2.0,0.7,,138.0,Veg Biryani (special),40.0,8.0,8.0,0.0,1
SYN_dinner_2026-09-09,Wednesday,dinner,20:40-20:45,30,32,411,273,1.0,0.3,,137.0,Veg Biryani (special),31.0,6.2,6.2,0.0,1
SYN_dinner_2026-09-09,Wednesday,dinner,20:45-20:50,25,30,436,303,1.0,0.3,,132.0,Veg Biryani (special),25.0,5.0,5.0,0.0,1
SYN_dinner_2026-09-09,Wednesday,dinner,20:50-20:55,28,36,464,339,29.0,9.7,,96.0,Veg Biryani (special),0.0,0.0,0.0,9.3,1
SYN_dinner_2026-09-09,Wednesday,dinner,20:55-21:00,30,42,494,381,26.0,8.7,,87.0,Veg Biryani (special),33.0,6.6,6.6,0.0,1
SYN_dinner_2026-09-09,Wednesday,dinner,21:00-21:05,29,28,523,409,28.0,9.3,,86.0,Veg Biryani (special),27.0,5.4,5.4,0.7,1
SYN_dinner_2026-09-09,Wednesday,dinner,21:05-21:10,27,23,550,432,28.0,9.3,,90.0,Veg Biryani (special),27.0,5.4,5.4,0.0,1
SYN_dinner_2026-09-09,Wednesday,dinner,21:10-21:15,40,33,590,465,33.0,11.0,,92.0,Veg Biryani (special),35.0,7.0,7.0,1.7,1
SYN_dinner_2026-09-09,Wednesday,dinner,21:15-21:20,35,27,625,492,27.0,9.0,,106.0,Veg Biryani (special),41.0,8.2,8.2,0.0,1
SYN_dinner_2026-09-09,Wednesday,dinner,21:20-21:25,28,35,653,527,27.0,9.0,,99.0,Veg Biryani (special),28.0,5.6,5.6,0.0,1
SYN_dinner_2026-09-09,Wednesday,dinner,21:25-21:30,35,27,688,554,30.0,10.0,,104.0,Veg Biryani (special),32.0,6.4,6.4,1.0,1
SYN_dinner_2026-09-09,Wednesday,dinner,21:30-21:35,41,34,729,588,33.0,11.0,,108.0,Veg Biryani (special),38.0,7.6,7.6,1.0,1
SYN_dinner_2026-09-09,Wednesday,dinner,21:35-21:40,29,30,758,618,31.0,10.3,,109.0,Veg Biryani (special),31.0,6.2,6.2,0.0,1
SYN_dinner_2026-09-09,Wednesday,dinner,21:40-21:45,17,32,775,650,30.0,10.0,,95.0,Veg Biryani (special),18.0,3.6,3.6,0.0,1
SYN_dinner_2026-09-09,Wednesday,dinner,21:45-21:50,0,36,775,686,30.0,10.0,,59.0,Veg Biryani (special),0.0,0.0,0.0,0.0,1
SYN_dinner_2026-09-09,Wednesday,dinner,21:50-21:55,0,40,775,726,30.0,10.0,,19.0,Veg Biryani (special),0.0,0.0,0.0,0.0,1
SYN_dinner_2026-09-09,Wednesday,dinner,21:55-22:00,0,22,775,748,30.0,10.0,,0.0,Veg Biryani (special),0.0,0.0,0.0,0.0,1
SYN_dinner_2026-09-09,Wednesday,dinner,22:00-22:05,0,21,775,769,30.0,10.0,,0.0,Veg Biryani (special),0.0,0.0,0.0,0.0,1
SYN_dinner_2026-09-09,Wednesday,dinner,22:05-22:10,0,5,775,774,30.0,10.0,,0.0,Veg Biryani (special),0.0,0.0,0.0,0.0,1
SYN_dinner_2026-09-09,Wednesday,dinner,22:10-22:15,0,1,775,775,30.0,10.0,,0.0,Veg Biryani (special),0.0,0.0,0.0,0.0,1
SYN_breakfast_2026-09-10,Thursday,breakfast,07:15-07:20,5,0,5,0,0.0,0.0,,5.0,Poha,5.0,1.0,1.0,0.0,1
SYN_breakfast_2026-09-10,Thursday,breakfast,07:20-07:25,3,0,8,0,2.0,1.0,,6.0,Poha,1.0,0.2,0.2,1.0,1
SYN_breakfast_2026-09-10,Thursday,breakfast,07:25-07:30,6,0,14,0,2.0,0.7,,12.0,Poha,6.0,1.2,1.2,0.0,1
SYN_breakfast_2026-09-10,Thursday,breakfast,07:30-07:35,2,2,16,2,3.0,1.0,,11.0,Poha,1.0,0.2,0.2,1.0,1
SYN_breakfast_2026-09-10,Thursday,breakfast,07:35-07:40,5,2,21,4,4.0,1.3,,13.0,Poha,4.0,0.8,0.8,0.3,1
SYN_breakfast_2026-09-10,Thursday,breakfast,07:40-07:45,9,3,30,7,5.0,1.7,,18.0,Poha,8.0,1.6,1.6,0.3,1
SYN_breakfast_2026-09-10,Thursday,breakfast,07:45-07:50,19,7,49,14,6.0,2.0,,29.0,Poha,18.0,3.6,3.6,0.3,1
SYN_breakfast_2026-09-10,Thursday,breakfast,07:50-07:55,19,6,68,20,6.0,2.0,,42.0,Poha,19.0,3.8,3.8,0.0,1
SYN_breakfast_2026-09-10,Thursday,breakfast,07:55-08:00,13,4,81,24,8.0,2.7,,49.0,Poha,11.0,2.2,2.2,0.7,1
SYN_breakfast_2026-09-10,Thursday,breakfast,08:00-08:05,20,12,101,36,7.0,2.3,,58.0,Poha,21.0,4.2,4.2,0.0,1
SYN_breakfast_2026-09-10,Thursday,breakfast,08:05-08:10,25,11,126,47,8.0,2.7,,71.0,Poha,24.0,4.8,4.8,0.3,1
SYN_breakfast_2026-09-10,Thursday,breakfast,08:10-08:15,22,16,148,63,9.0,3.0,,76.0,Poha,21.0,4.2,4.2,0.3,1
SYN_breakfast_2026-09-10,Thursday,breakfast,08:15-08:20,22,18,170,81,8.0,2.7,,81.0,Poha,23.0,4.6,4.6,0.0,1
SYN_breakfast_2026-09-10,Thursday,breakfast,08:20-08:25,24,24,194,105,8.0,2.7,,81.0,Poha,24.0,4.8,4.8,0.0,1
SYN_breakfast_2026-09-10,Thursday,breakfast,08:25-08:30,38,18,232,123,8.0,2.7,,101.0,Poha,38.0,7.6,7.6,0.0,1
SYN_breakfast_2026-09-10,Thursday,breakfast,08:30-08:35,40,28,272,151,10.0,3.3,,111.0,Poha,38.0,7.6,7.6,0.7,1
SYN_breakfast_2026-09-10,Thursday,breakfast,08:35-08:40,43,15,315,166,9.0,3.0,,140.0,Poha,44.0,8.8,8.8,0.0,1
SYN_breakfast_2026-09-10,Thursday,breakfast,08:40-08:45,46,32,361,198,10.0,3.3,,153.0,Poha,45.0,9.0,9.0,0.3,1
SYN_breakfast_2026-09-10,Thursday,breakfast,08:45-08:50,94,37,455,235,34.0,11.3,,186.0,Poha,70.0,14.0,14.0,8.0,1
SYN_breakfast_2026-09-10,Thursday,breakfast,08:50-08:55,99,35,554,270,59.0,19.7,,225.0,Poha,74.0,14.8,14.8,8.3,1
SYN_breakfast_2026-09-10,Thursday,breakfast,08:55-09:00,43,45,597,315,20.0,6.7,,262.0,Poha,82.0,16.4,16.4,0.0,1
SYN_breakfast_2026-09-10,Thursday,breakfast,09:00-09:05,61,46,658,361,6.0,2.0,,291.0,Poha,75.0,15.0,15.0,0.0,1
SYN_breakfast_2026-09-10,Thursday,breakfast,09:05-09:10,46,68,704,429,6.0,2.0,,269.0,Poha,46.0,9.2,9.2,0.0,1
SYN_breakfast_2026-09-10,Thursday,breakfast,09:10-09:15,29,82,733,511,7.0,2.3,,215.0,Poha,28.0,5.6,5.6,0.3,1
SYN_breakfast_2026-09-10,Thursday,breakfast,09:15-09:20,23,75,756,586,6.0,2.0,,164.0,Poha,24.0,4.8,4.8,0.0,1
SYN_breakfast_2026-09-10,Thursday,breakfast,09:20-09:25,10,66,766,652,4.0,1.3,,110.0,Poha,12.0,2.4,2.4,0.0,1
SYN_breakfast_2026-09-10,Thursday,breakfast,09:25-09:30,1,56,767,708,4.0,1.3,,55.0,Poha,1.0,0.2,0.2,1.0,1
SYN_breakfast_2026-09-10,Thursday,breakfast,09:30-09:35,0,22,767,730,4.0,1.3,,33.0,Poha,0.0,0.0,0.0,0.0,1
SYN_breakfast_2026-09-10,Thursday,breakfast,09:35-09:40,0,24,767,754,4.0,1.3,,9.0,Poha,0.0,0.0,0.0,0.0,1
SYN_breakfast_2026-09-10,Thursday,breakfast,09:40-09:45,0,8,767,762,4.0,1.3,,1.0,Poha,0.0,0.0,0.0,0.0,1
SYN_breakfast_2026-09-10,Thursday,breakfast,09:45-09:50,0,5,767,767,4.0,1.3,,0.0,Poha,0.0,0.0,0.0,0.0,1
SYN_lunch_2026-09-10,Thursday,lunch,12:00-12:05,14,0,14,0,0.0,0.0,,14.0,Rice/Dal/Roti,56.0,11.2,2.8,0.0,1
SYN_lunch_2026-09-10,Thursday,lunch,12:05-12:10,26,0,40,0,0.0,0.0,,40.0,Rice/Dal/Roti,104.0,20.8,5.2,0.0,1
SYN_lunch_2026-09-10,Thursday,lunch,12:10-12:15,17,0,57,0,0.0,0.0,,57.0,Rice/Dal/Roti,68.0,13.6,3.4,0.0,1
SYN_lunch_2026-09-10,Thursday,lunch,12:15-12:20,21,2,78,2,0.0,0.0,,76.0,Rice/Dal/Roti,84.0,16.8,4.2,0.0,1
SYN_lunch_2026-09-10,Thursday,lunch,12:20-12:25,25,14,103,16,0.0,0.0,,87.0,Rice/Dal/Roti,100.0,20.0,5.0,0.0,1
SYN_lunch_2026-09-10,Thursday,lunch,12:25-12:30,20,22,123,38,0.0,0.0,,85.0,Rice/Dal/Roti,80.0,16.0,4.0,0.0,1
SYN_lunch_2026-09-10,Thursday,lunch,12:30-12:35,23,21,146,59,1.0,0.3,,86.0,Rice/Dal/Roti,88.0,17.6,4.4,0.3,1
SYN_lunch_2026-09-10,Thursday,lunch,12:35-12:40,38,20,184,79,39.0,13.0,,66.0,Rice/Dal/Roti,0.0,0.0,0.0,12.7,1
SYN_lunch_2026-09-10,Thursday,lunch,12:40-12:45,38,28,222,107,38.0,12.7,,77.0,Rice/Dal/Roti,156.0,31.2,7.8,0.0,1
SYN_lunch_2026-09-10,Thursday,lunch,12:45-12:50,77,21,299,128,66.0,22.0,,105.0,Rice/Dal/Roti,196.0,39.2,9.8,9.3,1
SYN_lunch_2026-09-10,Thursday,lunch,12:50-12:55,78,22,377,150,100.0,33.3,,127.0,Rice/Dal/Roti,176.0,35.2,8.8,11.3,1
SYN_lunch_2026-09-10,Thursday,lunch,12:55-13:00,67,36,444,186,118.0,39.3,,140.0,Rice/Dal/Roti,196.0,39.2,9.8,6.0,1
SYN_lunch_2026-09-10,Thursday,lunch,13:00-13:05,44,39,488,225,113.0,37.7,,150.0,Rice/Dal/Roti,196.0,39.2,9.8,0.0,1
SYN_lunch_2026-09-10,Thursday,lunch,13:05-13:10,24,51,512,276,89.0,29.7,,147.0,Rice/Dal/Roti,192.0,38.4,9.6,0.0,1
SYN_lunch_2026-09-10,Thursday,lunch,13:10-13:15,31,43,543,319,68.0,22.7,,156.0,Rice/Dal/Roti,208.0,41.6,10.4,0.0,1
SYN_lunch_2026-09-10,Thursday,lunch,13:15-13:20,34,45,577,364,54.0,18.0,,159.0,Rice/Dal/Roti,192.0,38.4,9.6,0.0,1
SYN_lunch_2026-09-10,Thursday,lunch,13:20-13:25,34,51,611,415,40.0,13.3,,156.0,Rice/Dal/Roti,192.0,38.4,9.6,0.0,1
SYN_lunch_2026-09-10,Thursday,lunch,13:25-13:30,31,49,642,464,38.0,12.7,,140.0,Rice/Dal/Roti,132.0,26.4,6.6,0.0,1
SYN_lunch_2026-09-10,Thursday,lunch,13:30-13:35,38,43,680,507,38.0,12.7,,135.0,Rice/Dal/Roti,152.0,30.4,7.6,0.0,1
SYN_lunch_2026-09-10,Thursday,lunch,13:35-13:40,37,51,717,558,41.0,13.7,,118.0,Rice/Dal/Roti,136.0,27.2,6.8,1.0,1
SYN_lunch_2026-09-10,Thursday,lunch,13:40-13:45,41,46,758,604,38.0,12.7,,116.0,Rice/Dal/Roti,176.0,35.2,8.8,0.0,1
SYN_lunch_2026-09-10,Thursday,lunch,13:45-13:50,59,43,817,647,51.0,17.0,,119.0,Rice/Dal/Roti,184.0,36.8,9.2,4.3,1
SYN_lunch_2026-09-10,Thursday,lunch,13:50-13:55,53,29,870,676,58.0,19.3,,136.0,Rice/Dal/Roti,184.0,36.8,9.2,2.3,1
SYN_lunch_2026-09-10,Thursday,lunch,13:55-14:00,42,47,912,723,47.0,15.7,,142.0,Rice/Dal/Roti,212.0,42.4,10.6,0.0,1
SYN_lunch_2026-09-10,Thursday,lunch,14:00-14:05,0,40,912,763,38.0,12.7,,111.0,Rice/Dal/Roti,36.0,7.2,1.8,0.0,1
SYN_lunch_2026-09-10,Thursday,lunch,14:05-14:10,0,40,912,803,38.0,12.7,,71.0,Rice/Dal/Roti,0.0,0.0,0.0,0.0,1
SYN_lunch_2026-09-10,Thursday,lunch,14:10-14:15,0,59,912,862,38.0,12.7,,12.0,Rice/Dal/Roti,0.0,0.0,0.0,0.0,1
SYN_lunch_2026-09-10,Thursday,lunch,14:15-14:20,0,30,912,892,38.0,12.7,,0.0,Rice/Dal/Roti,0.0,0.0,0.0,0.0,1
SYN_lunch_2026-09-10,Thursday,lunch,14:20-14:25,0,18,912,910,38.0,12.7,,0.0,Rice/Dal/Roti,0.0,0.0,0.0,0.0,1
SYN_lunch_2026-09-10,Thursday,lunch,14:25-14:30,0,2,912,912,38.0,12.7,,0.0,Rice/Dal/Roti,0.0,0.0,0.0,0.0,1
SYN_dinner_2026-09-10,Thursday,dinner,19:30-19:35,7,0,7,0,0.0,0.0,,7.0,Roti/Sabzi,32.0,6.4,1.6,0.0,1
SYN_dinner_2026-09-10,Thursday,dinner,19:35-19:40,4,0,11,0,0.0,0.0,,11.0,Roti/Sabzi,16.0,3.2,0.8,0.0,1
SYN_dinner_2026-09-10,Thursday,dinner,19:40-19:45,5,0,16,0,0.0,0.0,,16.0,Roti/Sabzi,20.0,4.0,1.0,0.0,1
SYN_dinner_2026-09-10,Thursday,dinner,19:45-19:50,4,2,20,2,0.0,0.0,,18.0,Roti/Sabzi,16.0,3.2,0.8,0.0,1
SYN_dinner_2026-09-10,Thursday,dinner,19:50-19:55,3,2,23,4,0.0,1.0,,19.0,Roti/Sabzi,12.0,2.4,0.6,1.0,1
SYN_dinner_2026-09-10,Thursday,dinner,19:55-20:00,8,8,31,12,0.0,0.0,,19.0,Roti/Sabzi,32.0,6.4,1.6,0.0,1
SYN_dinner_2026-09-10,Thursday,dinner,20:00-20:05,31,3,62,15,0.0,0.0,,47.0,Roti/Sabzi,124.0,24.8,6.2,0.0,1
SYN_dinner_2026-09-10,Thursday,dinner,20:05-20:10,29,5,91,20,0.0,0.0,,71.0,Roti/Sabzi,116.0,23.2,5.8,0.0,1
SYN_dinner_2026-09-10,Thursday,dinner,20:10-20:15,30,5,121,25,0.0,0.0,,96.0,Roti/Sabzi,120.0,24.0,6.0,0.0,1
SYN_dinner_2026-09-10,Thursday,dinner,20:15-20:20,30,12,151,37,0.0,0.0,,114.0,Roti/Sabzi,120.0,24.0,6.0,0.0,1
SYN_dinner_2026-09-10,Thursday,dinner,20:20-20:25,48,22,199,59,4.0,1.3,,136.0,Roti/Sabzi,172.0,34.4,8.6,1.7,1
SYN_dinner_2026-09-10,Thursday,dinner,20:25-20:30,30,29,229,88,0.0,0.0,,141.0,Roti/Sabzi,140.0,28.0,7.0,0.0,1
SYN_dinner_2026-09-10,Thursday,dinner,20:30-20:35,35,28,264,116,0.0,0.0,,148.0,Roti/Sabzi,144.0,28.8,7.2,0.0,1
SYN_dinner_2026-09-10,Thursday,dinner,20:35-20:40,35,40,299,156,0.0,0.0,,143.0,Roti/Sabzi,136.0,27.2,6.8,0.3,1
SYN_dinner_2026-09-10,Thursday,dinner,20:40-20:45,31,33,330,189,0.0,0.0,,141.0,Roti/Sabzi,128.0,25.6,6.4,0.0,1
SYN_dinner_2026-09-10,Thursday,dinner,20:45-20:50,38,38,368,227,0.0,0.0,,141.0,Roti/Sabzi,152.0,30.4,7.6,0.0,1
SYN_dinner_2026-09-10,Thursday,dinner,20:50-20:55,38,39,406,266,1.0,0.3,,139.0,Roti/Sabzi,140.0,28.0,7.0,1.0,1
SYN_dinner_2026-09-10,Thursday,dinner,20:55-21:00,36,36,442,302,0.0,0.0,,140.0,Roti/Sabzi,156.0,31.2,7.8,0.0,1
SYN_dinner_2026-09-10,Thursday,dinner,21:00-21:05,32,33,474,335,0.0,0.0,,139.0,Roti/Sabzi,128.0,25.6,6.4,0.0,1
SYN_dinner_2026-09-10,Thursday,dinner,21:05-21:10,40,35,514,370,0.0,0.0,,144.0,Roti/Sabzi,152.0,30.4,7.6,0.7,1
SYN_dinner_2026-09-10,Thursday,dinner,21:10-21:15,38,23,552,393,0.0,0.0,,159.0,Roti/Sabzi,152.0,30.4,7.6,0.0,1
SYN_dinner_2026-09-10,Thursday,dinner,21:15-21:20,53,44,605,437,7.0,2.3,,161.0,Roti/Sabzi,184.0,36.8,9.2,2.3,1
SYN_dinner_2026-09-10,Thursday,dinner,21:20-21:25,51,42,656,479,14.0,4.7,,163.0,Roti/Sabzi,176.0,35.2,8.8,2.3,1
SYN_dinner_2026-09-10,Thursday,dinner,21:25-21:30,42,42,698,521,56.0,18.7,,121.0,Roti/Sabzi,0.0,0.0,0.0,14.0,1
SYN_dinner_2026-09-10,Thursday,dinner,21:30-21:35,52,35,750,556,63.0,21.0,,131.0,Roti/Sabzi,180.0,36.0,9.0,2.3,1
SYN_dinner_2026-09-10,Thursday,dinner,21:35-21:40,36,45,786,601,53.0,17.7,,132.0,Roti/Sabzi,184.0,36.8,9.2,0.0,1
SYN_dinner_2026-09-10,Thursday,dinner,21:40-21:45,32,41,818,642,41.0,13.7,,135.0,Roti/Sabzi,176.0,35.2,8.8,0.0,1
SYN_dinner_2026-09-10,Thursday,dinner,21:45-21:50,0,43,818,685,41.0,13.7,,92.0,Roti/Sabzi,0.0,0.0,0.0,0.0,1
SYN_dinner_2026-09-10,Thursday,dinner,21:50-21:55,0,37,818,722,41.0,13.7,,55.0,Roti/Sabzi,0.0,0.0,0.0,0.0,1
SYN_dinner_2026-09-10,Thursday,dinner,21:55-22:00,0,56,818,778,41.0,13.7,,0.0,Roti/Sabzi,0.0,0.0,0.0,0.0,1
SYN_dinner_2026-09-10,Thursday,dinner,22:00-22:05,0,32,818,810,41.0,13.7,,0.0,Roti/Sabzi,0.0,0.0,0.0,0.0,1
SYN_dinner_2026-09-10,Thursday,dinner,22:05-22:10,0,7,818,817,41.0,13.7,,0.0,Roti/Sabzi,0.0,0.0,0.0,0.0,1
SYN_dinner_2026-09-10,Thursday,dinner,22:10-22:15,0,1,818,818,41.0,13.7,,0.0,Roti/Sabzi,0.0,0.0,0.0,0.0,1
SYN_breakfast_2026-09-11,Friday,breakfast,07:15-07:20,8,0,8,0,0.0,0.0,,8.0,Dosa,16.0,3.2,1.6,0.0,1
SYN_breakfast_2026-09-11,Friday,breakfast,07:20-07:25,6,0,14,0,0.0,0.0,,14.0,Dosa,12.0,2.4,1.2,0.0,1
SYN_breakfast_2026-09-11,Friday,breakfast,07:25-07:30,7,0,21,0,0.0,0.0,,21.0,Dosa,16.0,3.2,1.6,0.0,1
SYN_breakfast_2026-09-11,Friday,breakfast,07:30-07:35,5,1,26,1,0.0,0.0,,25.0,Dosa,12.0,2.4,1.2,0.0,1
SYN_breakfast_2026-09-11,Friday,breakfast,07:35-07:40,3,4,29,5,0.0,1.0,,24.0,Dosa,6.0,1.2,0.6,1.0,1
SYN_breakfast_2026-09-11,Friday,breakfast,07:40-07:45,3,11,32,16,0.0,1.0,,16.0,Dosa,8.0,1.6,0.8,1.0,1
SYN_breakfast_2026-09-11,Friday,breakfast,07:45-07:50,12,6,44,22,0.0,0.0,,22.0,Dosa,24.0,4.8,2.4,0.0,1
SYN_breakfast_2026-09-11,Friday,breakfast,07:50-07:55,24,5,68,27,0.0,0.0,,41.0,Dosa,48.0,9.6,4.8,0.0,1
SYN_breakfast_2026-09-11,Friday,breakfast,07:55-08:00,16,3,84,30,0.0,0.0,,54.0,Dosa,32.0,6.4,3.2,0.0,1
SYN_breakfast_2026-09-11,Friday,breakfast,08:00-08:05,24,5,108,35,0.0,0.0,,73.0,Dosa,48.0,9.6,4.8,0.0,1
SYN_breakfast_2026-09-11,Friday,breakfast,08:05-08:10,21,15,129,50,0.0,0.0,,79.0,Dosa,40.0,8.0,4.0,0.3,1
SYN_breakfast_2026-09-11,Friday,breakfast,08:10-08:15,19,19,148,69,0.0,0.0,,79.0,Dosa,40.0,8.0,4.0,0.0,1
SYN_breakfast_2026-09-11,Friday,breakfast,08:15-08:20,22,20,170,89,0.0,0.0,,81.0,Dosa,44.0,8.8,4.4,0.0,1
SYN_breakfast_2026-09-11,Friday,breakfast,08:20-08:25,21,24,191,113,0.0,0.0,,78.0,Dosa,44.0,8.8,4.4,0.0,1
SYN_breakfast_2026-09-11,Friday,breakfast,08:25-08:30,30,23,221,136,0.0,0.0,,85.0,Dosa,60.0,12.0,6.0,0.0,1
SYN_breakfast_2026-09-11,Friday,breakfast,08:30-08:35,33,16,254,152,0.0,0.0,,102.0,Dosa,68.0,13.6,6.8,0.0,1
SYN_breakfast_2026-09-11,Friday,breakfast,08:35-08:40,37,16,291,168,0.0,0.0,,123.0,Dosa,74.0,14.8,7.4,0.0,1
SYN_breakfast_2026-09-11,Friday,breakfast,08:40-08:45,45,23,336,191,0.0,0.0,,145.0,Dosa,82.0,16.4,8.2,1.3,1
SYN_breakfast_2026-09-11,Friday,breakfast,08:45-08:50,68,33,404,224,13.0,4.3,,167.0,Dosa,108.0,21.6,10.8,4.7,1
SYN_breakfast_2026-09-11,Friday,breakfast,08:50-08:55,82,30,486,254,37.0,12.3,,195.0,Dosa,116.0,23.2,11.6,8.0,1
SYN_breakfast_2026-09-11,Friday,breakfast,08:55-09:00,43,35,529,289,16.0,5.3,,224.0,Dosa,128.0,25.6,12.8,0.0,1
SYN_breakfast_2026-09-11,Friday,breakfast,09:00-09:05,55,43,584,332,7.0,2.3,,245.0,Dosa,128.0,25.6,12.8,0.0,1
SYN_breakfast_2026-09-11,Friday,breakfast,09:05-09:10,45,55,629,387,0.0,0.0,,242.0,Dosa,116.0,23.2,11.6,0.0,1
SYN_breakfast_2026-09-11,Friday,breakfast,09:10-09:15,19,64,648,451,0.0,0.0,,197.0,Dosa,36.0,7.2,3.6,0.3,1
SYN_breakfast_2026-09-11,Friday,breakfast,09:15-09:20,7,66,655,517,0.0,0.0,,138.0,Dosa,12.0,2.4,1.2,0.3,1
SYN_breakfast_2026-09-11,Friday,breakfast,09:20-09:25,6,59,661,576,0.0,0.0,,85.0,Dosa,12.0,2.4,1.2,0.0,1
SYN_breakfast_2026-09-11,Friday,breakfast,09:25-09:30,3,43,664,619,0.0,1.0,,45.0,Dosa,6.0,1.2,0.6,1.0,1
SYN_breakfast_2026-09-11,Friday,breakfast,09:30-09:35,0,25,664,644,0.0,0.0,,20.0,Dosa,0.0,0.0,0.0,0.0,1
SYN_breakfast_2026-09-11,Friday,breakfast,09:35-09:40,0,10,664,654,0.0,0.0,,10.0,Dosa,0.0,0.0,0.0,0.0,1
SYN_breakfast_2026-09-11,Friday,breakfast,09:40-09:45,0,6,664,660,0.0,0.0,,4.0,Dosa,0.0,0.0,0.0,0.0,1
SYN_breakfast_2026-09-11,Friday,breakfast,09:45-09:50,0,3,664,663,0.0,0.0,,1.0,Dosa,0.0,0.0,0.0,0.0,1
SYN_breakfast_2026-09-11,Friday,breakfast,09:50-09:55,0,1,664,664,0.0,0.0,,0.0,Dosa,0.0,0.0,0.0,0.0,1
SYN_lunch_2026-09-11,Friday,lunch,12:00-12:05,25,0,25,0,0.0,0.0,,25.0,Rice/Dal/Roti,100.0,20.0,5.0,0.0,1
SYN_lunch_2026-09-11,Friday,lunch,12:05-12:10,19,0,44,0,0.0,0.0,,44.0,Rice/Dal/Roti,76.0,15.2,3.8,0.0,1
SYN_lunch_2026-09-11,Friday,lunch,12:10-12:15,21,1,65,1,0.0,0.0,,64.0,Rice/Dal/Roti,84.0,16.8,4.2,0.0,1
SYN_lunch_2026-09-11,Friday,lunch,12:15-12:20,18,5,83,6,0.0,0.0,,77.0,Rice/Dal/Roti,72.0,14.4,3.6,0.0,1
SYN_lunch_2026-09-11,Friday,lunch,12:20-12:25,21,23,104,29,0.0,0.0,,75.0,Rice/Dal/Roti,84.0,16.8,4.2,0.0,1
SYN_lunch_2026-09-11,Friday,lunch,12:25-12:30,32,19,136,48,3.0,1.0,,85.0,Rice/Dal/Roti,116.0,23.2,5.8,1.0,1
SYN_lunch_2026-09-11,Friday,lunch,12:30-12:35,26,19,162,67,0.0,0.0,,95.0,Rice/Dal/Roti,116.0,23.2,5.8,0.0,1
SYN_lunch_2026-09-11,Friday,lunch,12:35-12:40,28,20,190,87,0.0,0.0,,103.0,Rice/Dal/Roti,112.0,22.4,5.6,0.0,1
SYN_lunch_2026-09-11,Friday,lunch,12:40-12:45,22,14,212,101,0.0,0.0,,111.0,Rice/Dal/Roti,88.0,17.6,4.4,0.0,1
SYN_lunch_2026-09-11,Friday,lunch,12:45-12:50,36,38,248,139,1.0,0.3,,108.0,Rice/Dal/Roti,140.0,28.0,7.0,0.3,1
SYN_lunch_2026-09-11,Friday,lunch,12:50-12:55,65,24,313,163,20.0,6.7,,130.0,Rice/Dal/Roti,184.0,36.8,9.2,6.3,1
SYN_lunch_2026-09-11,Friday,lunch,12:55-13:00,90,25,403,188,51.0,17.0,,164.0,Rice/Dal/Roti,236.0,47.2,11.8,10.3,1
SYN_lunch_2026-09-11,Friday,lunch,13:00-13:05,40,25,443,213,27.0,9.0,,203.0,Rice/Dal/Roti,256.0,51.2,12.8,0.0,1
SYN_lunch_2026-09-11,Friday,lunch,13:05-13:10,41,41,484,254,4.0,1.3,,226.0,Rice/Dal/Roti,256.0,51.2,12.8,0.0,1
SYN_lunch_2026-09-11,Friday,lunch,13:10-13:15,38,52,522,306,0.0,0.0,,216.0,Rice/Dal/Roti,168.0,33.6,8.4,0.0,1
SYN_lunch_2026-09-11,Friday,lunch,13:15-13:20,27,56,549,362,1.0,0.3,,186.0,Rice/Dal/Roti,104.0,20.8,5.2,0.3,1
SYN_lunch_2026-09-11,Friday,lunch,13:20-13:25,29,56,578,418,2.0,0.7,,158.0,Rice/Dal/Roti,112.0,22.4,5.6,0.3,1
SYN_lunch_2026-09-11,Friday,lunch,13:25-13:30,36,55,614,473,2.0,0.7,,139.0,Rice/Dal/Roti,144.0,28.8,7.2,0.0,1
SYN_lunch_2026-09-11,Friday,lunch,13:30-13:35,39,50,653,523,2.0,0.7,,128.0,Rice/Dal/Roti,156.0,31.2,7.8,0.0,1
SYN_lunch_2026-09-11,Friday,lunch,13:35-13:40,40,31,693,554,2.0,0.7,,137.0,Rice/Dal/Roti,160.0,32.0,8.0,0.0,1
SYN_lunch_2026-09-11,Friday,lunch,13:40-13:45,52,29,745,583,3.0,1.0,,159.0,Rice/Dal/Roti,204.0,40.8,10.2,0.3,1
SYN_lunch_2026-09-11,Friday,lunch,13:45-13:50,53,29,798,612,5.0,1.7,,181.0,Rice/Dal/Roti,204.0,40.8,10.2,0.7,1
SYN_lunch_2026-09-11,Friday,lunch,13:50-13:55,44,37,842,649,2.0,0.7,,191.0,Rice/Dal/Roti,188.0,37.6,9.4,0.0,1
SYN_lunch_2026-09-11,Friday,lunch,13:55-14:00,47,42,889,691,2.0,0.7,,196.0,Rice/Dal/Roti,188.0,37.6,9.4,0.0,1
SYN_lunch_2026-09-11,Friday,lunch,14:00-14:05,0,51,889,742,2.0,0.7,,145.0,Rice/Dal/Roti,0.0,0.0,0.0,0.0,1
SYN_lunch_2026-09-11,Friday,lunch,14:05-14:10,0,43,889,785,2.0,0.7,,102.0,Rice/Dal/Roti,0.0,0.0,0.0,0.0,1
SYN_lunch_2026-09-11,Friday,lunch,14:10-14:15,0,55,889,840,2.0,0.7,,47.0,Rice/Dal/Roti,0.0,0.0,0.0,0.0,1
SYN_lunch_2026-09-11,Friday,lunch,14:15-14:20,0,31,889,871,2.0,0.7,,16.0,Rice/Dal/Roti,0.0,0.0,0.0,0.0,1
SYN_lunch_2026-09-11,Friday,lunch,14:20-14:25,0,16,889,887,2.0,0.7,,0.0,Rice/Dal/Roti,0.0,0.0,0.0,0.0,1
SYN_lunch_2026-09-11,Friday,lunch,14:25-14:30,0,2,889,889,2.0,0.7,,0.0,Rice/Dal/Roti,0.0,0.0,0.0,0.0,1
SYN_dinner_2026-09-11,Friday,dinner,19:30-19:35,52,0,52,0,16.0,5.3,,36.0,Paneer + Roti (special),144.0,28.8,7.2,5.3,1
SYN_dinner_2026-09-11,Friday,dinner,19:35-19:40,35,0,87,0,15.0,5.0,,72.0,Paneer + Roti (special),144.0,28.8,7.2,0.0,1
SYN_dinner_2026-09-11,Friday,dinner,19:40-19:45,44,0,131,0,25.0,8.3,,106.0,Paneer + Roti (special),136.0,27.2,6.8,3.3,1
SYN_dinner_2026-09-11,Friday,dinner,19:45-19:50,7,10,138,10,0.0,0.0,,128.0,Paneer + Roti (special),128.0,25.6,6.4,0.0,1
SYN_dinner_2026-09-11,Friday,dinner,19:50-19:55,4,28,142,38,0.0,0.0,,104.0,Paneer + Roti (special),16.0,3.2,0.8,0.0,1
SYN_dinner_2026-09-11,Friday,dinner,19:55-20:00,6,26,148,64,0.0,0.0,,84.0,Paneer + Roti (special),24.0,4.8,1.2,0.0,1
SYN_dinner_2026-09-11,Friday,dinner,20:00-20:05,37,40,185,104,7.0,2.3,,74.0,Paneer + Roti (special),120.0,24.0,6.0,2.3,1
SYN_dinner_2026-09-11,Friday,dinner,20:05-20:10,41,30,226,134,11.0,3.7,,81.0,Paneer + Roti (special),148.0,29.6,7.4,1.3,1
SYN_dinner_2026-09-11,Friday,dinner,20:10-20:15,35,12,261,146,11.0,3.7,,104.0,Paneer + Roti (special),140.0,28.0,7.0,0.0,1
SYN_dinner_2026-09-11,Friday,dinner,20:15-20:20,28,11,289,157,3.0,1.0,,129.0,Paneer + Roti (special),144.0,28.8,7.2,0.0,1
SYN_dinner_2026-09-11,Friday,dinner,20:20-20:25,33,23,322,180,0.0,0.0,,142.0,Paneer + Roti (special),144.0,28.8,7.2,0.0,1
SYN_dinner_2026-09-11,Friday,dinner,20:25-20:30,33,34,355,214,2.0,0.7,,139.0,Paneer + Roti (special),124.0,24.8,6.2,0.7,1
SYN_dinner_2026-09-11,Friday,dinner,20:30-20:35,24,33,379,247,0.0,0.0,,132.0,Paneer + Roti (special),104.0,20.8,5.2,0.0,1
SYN_dinner_2026-09-11,Friday,dinner,20:35-20:40,25,34,404,281,0.0,0.0,,123.0,Paneer + Roti (special),100.0,20.0,5.0,0.0,1
SYN_dinner_2026-09-11,Friday,dinner,20:40-20:45,34,38,438,319,1.0,0.3,,118.0,Paneer + Roti (special),132.0,26.4,6.6,0.3,1
SYN_dinner_2026-09-11,Friday,dinner,20:45-20:50,35,43,473,362,0.0,0.0,,111.0,Paneer + Roti (special),144.0,28.8,7.2,0.0,1
SYN_dinner_2026-09-11,Friday,dinner,20:50-20:55,31,23,504,385,2.0,0.7,,117.0,Paneer + Roti (special),116.0,23.2,5.8,0.7,1
SYN_dinner_2026-09-11,Friday,dinner,20:55-21:00,21,24,525,409,0.0,0.0,,116.0,Paneer + Roti (special),92.0,18.4,4.6,0.0,1
SYN_dinner_2026-09-11,Friday,dinner,21:00-21:05,20,28,545,437,0.0,0.0,,108.0,Paneer + Roti (special),80.0,16.0,4.0,0.0,1
SYN_dinner_2026-09-11,Friday,dinner,21:05-21:10,30,29,575,466,2.0,0.7,,107.0,Paneer + Roti (special),112.0,22.4,5.6,0.7,1
SYN_dinner_2026-09-11,Friday,dinner,21:10-21:15,33,31,608,497,0.0,0.0,,111.0,Paneer + Roti (special),140.0,28.0,7.0,0.0,1
SYN_dinner_2026-09-11,Friday,dinner,21:15-21:20,51,28,659,525,15.0,5.0,,119.0,Paneer + Roti (special),144.0,28.8,7.2,5.0,1
SYN_dinner_2026-09-11,Friday,dinner,21:20-21:25,44,24,703,549,24.0,8.0,,130.0,Paneer + Roti (special),140.0,28.0,7.0,3.0,1
SYN_dinner_2026-09-11,Friday,dinner,21:25-21:30,30,28,733,577,20.0,6.7,,136.0,Paneer + Roti (special),136.0,27.2,6.8,0.0,1
SYN_dinner_2026-09-11,Friday,dinner,21:30-21:35,41,33,774,610,28.0,9.3,,136.0,Paneer + Roti (special),132.0,26.4,6.6,2.7,1
SYN_dinner_2026-09-11,Friday,dinner,21:35-21:40,36,36,810,646,27.0,9.0,,137.0,Paneer + Roti (special),148.0,29.6,7.4,0.0,1
SYN_dinner_2026-09-11,Friday,dinner,21:40-21:45,25,39,835,685,16.0,5.3,,134.0,Paneer + Roti (special),144.0,28.8,7.2,0.0,1
SYN_dinner_2026-09-11,Friday,dinner,21:45-21:50,0,27,835,712,0.0,0.0,,123.0,Paneer + Roti (special),64.0,12.8,3.2,0.0,1
SYN_dinner_2026-09-11,Friday,dinner,21:50-21:55,0,33,835,745,0.0,0.0,,90.0,Paneer + Roti (special),0.0,0.0,0.0,0.0,1
SYN_dinner_2026-09-11,Friday,dinner,21:55-22:00,0,43,835,788,0.0,0.0,,47.0,Paneer + Roti (special),0.0,0.0,0.0,0.0,1
SYN_dinner_2026-09-11,Friday,dinner,22:00-22:05,0,27,835,815,0.0,0.0,,20.0,Paneer + Roti (special),0.0,0.0,0.0,0.0,1
SYN_dinner_2026-09-11,Friday,dinner,22:05-22:10,0,17,835,832,0.0,0.0,,3.0,Paneer + Roti (special),0.0,0.0,0.0,0.0,1
SYN_dinner_2026-09-11,Friday,dinner,22:10-22:15,0,2,835,834,0.0,0.0,,1.0,Paneer + Roti (special),0.0,0.0,0.0,0.0,1
SYN_dinner_2026-09-11,Friday,dinner,22:15-22:20,0,1,835,835,0.0,0.0,,0.0,Paneer + Roti (special),0.0,0.0,0.0,0.0,1
SYN_breakfast_2026-09-14,Monday,breakfast,07:15-07:20,4,0,4,0,0.0,0.0,,4.0,Idli/Vada,12.0,2.4,0.8,0.0,1
SYN_breakfast_2026-09-14,Monday,breakfast,07:20-07:25,1,0,5,0,0.0,1.0,,5.0,Idli/Vada,3.0,0.6,0.2,1.0,1
SYN_breakfast_2026-09-14,Monday,breakfast,07:25-07:30,5,0,10,0,0.0,0.0,,10.0,Idli/Vada,15.0,3.0,1.0,0.0,1
SYN_breakfast_2026-09-14,Monday,breakfast,07:30-07:35,4,1,14,1,0.0,0.0,,13.0,Idli/Vada,12.0,2.4,0.8,0.0,1
SYN_breakfast_2026-09-14,Monday,breakfast,07:35-07:40,4,4,18,5,1.0,0.3,,12.0,Idli/Vada,9.0,1.8,0.6,0.3,1
SYN_breakfast_2026-09-14,Monday,breakfast,07:40-07:45,5,0,23,5,1.0,0.3,,17.0,Idli/Vada,15.0,3.0,1.0,0.0,1
SYN_breakfast_2026-09-14,Monday,breakfast,07:45-07:50,11,4,34,9,1.0,0.3,,24.0,Idli/Vada,33.0,6.6,2.2,0.0,1
SYN_breakfast_2026-09-14,Monday,breakfast,07:50-07:55,19,8,53,17,1.0,0.3,,35.0,Idli/Vada,57.0,11.4,3.8,0.0,1
SYN_breakfast_2026-09-14,Monday,breakfast,07:55-08:00,12,3,65,20,2.0,0.7,,43.0,Idli/Vada,33.0,6.6,2.2,0.3,1
SYN_breakfast_2026-09-14,Monday,breakfast,08:00-08:05,28,1,93,21,2.0,0.7,,70.0,Idli/Vada,84.0,16.8,5.6,0.0,1
SYN_breakfast_2026-09-14,Monday,breakfast,08:05-08:10,16,12,109,33,18.0,6.0,,58.0,Idli/Vada,0.0,0.0,0.0,5.3,1
SYN_breakfast_2026-09-14,Monday,breakfast,08:10-08:15,19,18,128,51,18.0,6.0,,59.0,Idli/Vada,57.0,11.4,3.8,0.0,1
SYN_breakfast_2026-09-14,Monday,breakfast,08:15-08:20,16,16,144,67,18.0,6.0,,59.0,Idli/Vada,48.0,9.6,3.2,0.0,1
SYN_breakfast_2026-09-14,Monday,breakfast,08:20-08:25,20,20,164,87,18.0,6.0,,59.0,Idli/Vada,60.0,12.0,4.0,0.0,1
SYN_breakfast_2026-09-14,Monday,breakfast,08:25-08:30,23,23,187,110,18.0,6.0,,59.0,Idli/Vada,69.0,13.8,4.6,0.0,1
SYN_breakfast_2026-09-14,Monday,breakfast,08:30-08:35,25,17,212,127,17.0,5.7,,68.0,Idli/Vada,78.0,15.6,5.2,0.0,1
SYN_breakfast_2026-09-14,Monday,breakfast,08:35-08:40,42,17,254,144,17.0,5.7,,93.0,Idli/Vada,126.0,25.2,8.4,0.0,1
SYN_breakfast_2026-09-14,Monday,breakfast,08:40-08:45,50,17,304,161,17.0,5.7,,126.0,Idli/Vada,150.0,30.0,10.0,0.0,1
SYN_breakfast_2026-09-14,Monday,breakfast,08:45-08:50,65,31,369,192,25.0,8.3,,152.0,Idli/Vada,171.0,34.2,11.4,2.7,1
SYN_breakfast_2026-09-14,Monday,breakfast,08:50-08:55,83,30,452,222,49.0,16.3,,181.0,Idli/Vada,177.0,35.4,11.8,8.0,1
SYN_breakfast_2026-09-14,Monday,breakfast,08:55-09:00,58,40,510,262,51.0,17.0,,197.0,Idli/Vada,168.0,33.6,11.2,0.7,1
SYN_breakfast_2026-09-14,Monday,breakfast,09:00-09:05,49,54,559,316,39.0,13.0,,204.0,Idli/Vada,183.0,36.6,12.2,0.0,1
SYN_breakfast_2026-09-14,Monday,breakfast,09:05-09:10,38,49,597,365,16.0,5.3,,216.0,Idli/Vada,183.0,36.6,12.2,0.0,1
SYN_breakfast_2026-09-14,Monday,breakfast,09:10-09:15,22,54,619,419,17.0,5.7,,183.0,Idli/Vada,63.0,12.6,4.2,0.3,1
SYN_breakfast_2026-09-14,Monday,breakfast,09:15-09:20,24,49,643,468,17.0,5.7,,158.0,Idli/Vada,72.0,14.4,4.8,0.0,1
SYN_breakfast_2026-09-14,Monday,breakfast,09:20-09:25,10,65,653,533,18.0,6.0,,102.0,Idli/Vada,27.0,5.4,1.8,0.3,1
SYN_breakfast_2026-09-14,Monday,breakfast,09:25-09:30,2,50,655,583,18.0,6.0,,54.0,Idli/Vada,6.0,1.2,0.4,1.0,1
SYN_breakfast_2026-09-14,Monday,breakfast,09:30-09:35,0,31,655,614,18.0,6.0,,23.0,Idli/Vada,0.0,0.0,0.0,0.0,1
SYN_breakfast_2026-09-14,Monday,breakfast,09:35-09:40,0,24,655,638,18.0,6.0,,0.0,Idli/Vada,0.0,0.0,0.0,0.0,1
SYN_breakfast_2026-09-14,Monday,breakfast,09:40-09:45,0,12,655,650,18.0,6.0,,0.0,Idli/Vada,0.0,0.0,0.0,0.0,1
SYN_breakfast_2026-09-14,Monday,breakfast,09:45-09:50,0,4,655,654,18.0,6.0,,0.0,Idli/Vada,0.0,0.0,0.0,0.0,1
SYN_breakfast_2026-09-14,Monday,breakfast,09:50-09:55,0,1,655,655,18.0,6.0,,0.0,Idli/Vada,0.0,0.0,0.0,0.0,1
SYN_lunch_2026-09-14,Monday,lunch,12:00-12:05,18,0,18,0,0.0,0.0,,18.0,Rice/Dal/Roti,72.0,14.4,3.6,0.0,1
SYN_lunch_2026-09-14,Monday,lunch,12:05-12:10,16,0,34,0,0.0,0.0,,34.0,Rice/Dal/Roti,64.0,12.8,3.2,0.0,1
SYN_lunch_2026-09-14,Monday,lunch,12:10-12:15,16,1,50,1,0.0,0.0,,49.0,Rice/Dal/Roti,64.0,12.8,3.2,0.0,1
SYN_lunch_2026-09-14,Monday,lunch,12:15-12:20,22,3,72,4,0.0,0.0,,68.0,Rice/Dal/Roti,88.0,17.6,4.4,0.0,1
SYN_lunch_2026-09-14,Monday,lunch,12:20-12:25,32,12,104,16,0.0,0.0,,88.0,Rice/Dal/Roti,128.0,25.6,6.4,0.0,1
SYN_lunch_2026-09-14,Monday,lunch,12:25-12:30,18,20,122,36,0.0,0.0,,86.0,Rice/Dal/Roti,72.0,14.4,3.6,0.0,1
SYN_lunch_2026-09-14,Monday,lunch,12:30-12:35,37,18,159,54,2.0,0.7,,103.0,Rice/Dal/Roti,140.0,28.0,7.0,0.7,1
SYN_lunch_2026-09-14,Monday,lunch,12:35-12:40,43,24,202,78,2.0,0.7,,122.0,Rice/Dal/Roti,172.0,34.4,8.6,0.0,1
SYN_lunch_2026-09-14,Monday,lunch,12:40-12:45,39,18,241,96,0.0,0.0,,145.0,Rice/Dal/Roti,164.0,32.8,8.2,0.0,1
SYN_lunch_2026-09-14,Monday,lunch,12:45-12:50,38,26,279,122,0.0,0.0,,157.0,Rice/Dal/Roti,152.0,30.4,7.6,0.0,1
SYN_lunch_2026-09-14,Monday,lunch,12:50-12:55,42,33,321,155,4.0,1.3,,162.0,Rice/Dal/Roti,152.0,30.4,7.6,1.3,1
SYN_lunch_2026-09-14,Monday,lunch,12:55-13:00,51,48,372,203,7.0,2.3,,162.0,Rice/Dal/Roti,192.0,38.4,9.6,1.0,1
SYN_lunch_2026-09-14,Monday,lunch,13:00-13:05,33,31,405,234,1.0,0.3,,170.0,Rice/Dal/Roti,156.0,31.2,7.8,0.0,1
SYN_lunch_2026-09-14,Monday,lunch,13:05-13:10,43,38,448,272,7.0,2.3,,169.0,Rice/Dal/Roti,148.0,29.6,7.4,2.0,1
SYN_lunch_2026-09-14,Monday,lunch,13:10-13:15,26,47,474,319,1.0,0.3,,154.0,Rice/Dal/Roti,128.0,25.6,6.4,0.0,1
SYN_lunch_2026-09-14,Monday,lunch,13:15-13:20,38,41,512,360,1.0,0.3,,151.0,Rice/Dal/Roti,152.0,30.4,7.6,0.0,1
SYN_lunch_2026-09-14,Monday,lunch,13:20-13:25,49,44,561,404,2.0,0.7,,155.0,Rice/Dal/Roti,192.0,38.4,9.6,0.3,1
SYN_lunch_2026-09-14,Monday,lunch,13:25-13:30,33,43,594,447,1.0,0.3,,146.0,Rice/Dal/Roti,136.0,27.2,6.8,0.0,1
SYN_lunch_2026-09-14,Monday,lunch,13:30-13:35,38,31,632,478,1.0,0.3,,153.0,Rice/Dal/Roti,152.0,30.4,7.6,0.0,1
SYN_lunch_2026-09-14,Monday,lunch,13:35-13:40,54,32,686,510,13.0,4.3,,163.0,Rice/Dal/Roti,168.0,33.6,8.4,4.0,1
SYN_lunch_2026-09-14,Monday,lunch,13:40-13:45,47,38,733,548,14.0,4.7,,171.0,Rice/Dal/Roti,184.0,36.8,9.2,0.3,1
SYN_lunch_2026-09-14,Monday,lunch,13:45-13:50,56,35,789,583,22.0,7.3,,184.0,Rice/Dal/Roti,192.0,38.4,9.6,2.7,1
SYN_lunch_2026-09-14,Monday,lunch,13:50-13:55,61,48,850,631,35.0,11.7,,184.0,Rice/Dal/Roti,192.0,38.4,9.6,4.3,1
SYN_lunch_2026-09-14,Monday,lunch,13:55-14:00,57,42,907,673,49.0,16.3,,185.0,Rice/Dal/Roti,172.0,34.4,8.6,4.7,1
SYN_lunch_2026-09-14,Monday,lunch,14:00-14:05,0,46,907,719,3.0,1.0,,185.0,Rice/Dal/Roti,184.0,36.8,9.2,0.0,1
SYN_lunch_2026-09-14,Monday,lunch,14:05-14:10,0,50,907,769,3.0,1.0,,135.0,Rice/Dal/Roti,0.0,0.0,0.0,0.0,1
SYN_lunch_2026-09-14,Monday,lunch,14:10-14:15,0,47,907,816,3.0,1.0,,88.0,Rice/Dal/Roti,0.0,0.0,0.0,0.0,1
SYN_lunch_2026-09-14,Monday,lunch,14:15-14:20,0,46,907,862,3.0,1.0,,42.0,Rice/Dal/Roti,0.0,0.0,0.0,0.0,1
SYN_lunch_2026-09-14,Monday,lunch,14:20-14:25,0,37,907,899,3.0,1.0,,5.0,Rice/Dal/Roti,0.0,0.0,0.0,0.0,1
SYN_lunch_2026-09-14,Monday,lunch,14:25-14:30,0,8,907,907,3.0,1.0,,0.0,Rice/Dal/Roti,0.0,0.0,0.0,0.0,1
SYN_dinner_2026-09-14,Monday,dinner,19:30-19:35,5,0,5,0,0.0,0.0,,5.0,Roti/Sabzi,20.0,4.0,1.0,0.0,1
SYN_dinner_2026-09-14,Monday,dinner,19:35-19:40,3,0,8,0,0.0,1.0,,8.0,Roti/Sabzi,12.0,2.4,0.6,1.0,1
SYN_dinner_2026-09-14,Monday,dinner,19:40-19:45,4,0,12,0,0.0,0.0,,12.0,Roti/Sabzi,16.0,3.2,0.8,0.0,1
SYN_dinner_2026-09-14,Monday,dinner,19:45-19:50,7,2,19,2,0.0,0.0,,17.0,Roti/Sabzi,28.0,5.6,1.4,0.0,1
SYN_dinner_2026-09-14,Monday,dinner,19:50-19:55,4,2,23,4,0.0,0.0,,19.0,Roti/Sabzi,16.0,3.2,0.8,0.0,1
SYN_dinner_2026-09-14,Monday,dinner,19:55-20:00,8,6,31,10,0.0,0.0,,21.0,Roti/Sabzi,32.0,6.4,1.6,0.0,1
SYN_dinner_2026-09-14,Monday,dinner,20:00-20:05,28,2,59,12,0.0,0.0,,47.0,Roti/Sabzi,112.0,22.4,5.6,0.0,1
SYN_dinner_2026-09-14,Monday,dinner,20:05-20:10,35,6,94,18,0.0,0.0,,76.0,Roti/Sabzi,140.0,28.0,7.0,0.0,1
SYN_dinner_2026-09-14,Monday,dinner,20:10-20:15,30,9,124,27,0.0,0.0,,97.0,Roti/Sabzi,120.0,24.0,6.0,0.0,1
SYN_dinner_2026-09-14,Monday,dinner,20:15-20:20,35,10,159,37,0.0,0.0,,122.0,Roti/Sabzi,140.0,28.0,7.0,0.0,1
SYN_dinner_2026-09-14,Monday,dinner,20:20-20:25,30,27,189,64,1.0,0.3,,124.0,Roti/Sabzi,116.0,23.2,5.8,0.3,1
SYN_dinner_2026-09-14,Monday,dinner,20:25-20:30,38,28,227,92,0.0,0.0,,135.0,Roti/Sabzi,156.0,31.2,7.8,0.0,1
SYN_dinner_2026-09-14,Monday,dinner,20:30-20:35,40,32,267,124,0.0,0.0,,143.0,Roti/Sabzi,160.0,32.0,8.0,0.0,1
SYN_dinner_2026-09-14,Monday,dinner,20:35-20:40,40,38,307,162,0.0,0.0,,145.0,Roti/Sabzi,160.0,32.0,8.0,0.0,1
SYN_dinner_2026-09-14,Monday,dinner,20:40-20:45,27,28,334,190,0.0,0.0,,144.0,Roti/Sabzi,108.0,21.6,5.4,0.0,1
SYN_dinner_2026-09-14,Monday,dinner,20:45-20:50,27,38,361,228,0.0,0.0,,133.0,Roti/Sabzi,108.0,21.6,5.4,0.0,1
SYN_dinner_2026-09-14,Monday,dinner,20:50-20:55,34,43,395,271,2.0,0.7,,122.0,Roti/Sabzi,128.0,25.6,6.4,0.7,1
SYN_dinner_2026-09-14,Monday,dinner,20:55-21:00,44,31,439,302,1.0,0.3,,136.0,Roti/Sabzi,180.0,36.0,9.0,0.0,1
SYN_dinner_2026-09-14,Monday,dinner,21:00-21:05,40,30,479,332,4.0,1.3,,143.0,Roti/Sabzi,148.0,29.6,7.4,1.0,1
SYN_dinner_2026-09-14,Monday,dinner,21:05-21:10,44,36,523,368,2.0,0.7,,153.0,Roti/Sabzi,184.0,36.8,9.2,0.0,1
SYN_dinner_2026-09-14,Monday,dinner,21:10-21:15,47,28,570,396,4.0,1.3,,170.0,Roti/Sabzi,180.0,36.0,9.0,0.7,1
SYN_dinner_2026-09-14,Monday,dinner,21:15-21:20,71,33,641,429,28.0,9.3,,184.0,Roti/Sabzi,188.0,37.6,9.4,8.0,1
SYN_dinner_2026-09-14,Monday,dinner,21:20-21:25,44,40,685,469,27.0,9.0,,189.0,Roti/Sabzi,180.0,36.0,9.0,0.0,1
SYN_dinner_2026-09-14,Monday,dinner,21:25-21:30,46,50,731,519,27.0,9.0,,185.0,Roti/Sabzi,184.0,36.8,9.2,0.0,1
SYN_dinner_2026-09-14,Monday,dinner,21:30-21:35,35,56,766,575,15.0,5.0,,176.0,Roti/Sabzi,188.0,37.6,9.4,0.0,1
SYN_dinner_2026-09-14,Monday,dinner,21:35-21:40,43,37,809,612,11.0,3.7,,186.0,Roti/Sabzi,188.0,37.6,9.4,0.0,1
SYN_dinner_2026-09-14,Monday,dinner,21:40-21:45,19,48,828,660,2.0,0.7,,166.0,Roti/Sabzi,112.0,22.4,5.6,0.0,1
SYN_dinner_2026-09-14,Monday,dinner,21:45-21:50,0,46,828,706,2.0,0.7,,120.0,Roti/Sabzi,0.0,0.0,0.0,0.0,1
SYN_dinner_2026-09-14,Monday,dinner,21:50-21:55,0,46,828,752,2.0,0.7,,74.0,Roti/Sabzi,0.0,0.0,0.0,0.0,1
SYN_dinner_2026-09-14,Monday,dinner,21:55-22:00,0,42,828,794,2.0,0.7,,32.0,Roti/Sabzi,0.0,0.0,0.0,0.0,1
SYN_dinner_2026-09-14,Monday,dinner,22:00-22:05,0,28,828,822,2.0,0.7,,4.0,Roti/Sabzi,0.0,0.0,0.0,0.0,1
SYN_dinner_2026-09-14,Monday,dinner,22:05-22:10,0,4,828,826,2.0,0.7,,0.0,Roti/Sabzi,0.0,0.0,0.0,0.0,1
SYN_dinner_2026-09-14,Monday,dinner,22:10-22:15,0,2,828,828,2.0,0.7,,0.0,Roti/Sabzi,0.0,0.0,0.0,0.0,1
SYN_breakfast_2026-09-15,Tuesday,breakfast,07:15-07:20,2,0,2,0,0.0,1.0,,2.0,Aloo Paratha,4.0,0.8,0.4,1.0,1
SYN_breakfast_2026-09-15,Tuesday,breakfast,07:20-07:25,4,0,6,0,0.0,0.0,,6.0,Aloo Paratha,8.0,1.6,0.8,0.0,1
SYN_breakfast_2026-09-15,Tuesday,breakfast,07:25-07:30,5,0,11,0,0.0,0.0,,11.0,Aloo Paratha,10.0,2.0,1.0,0.0,1
SYN_breakfast_2026-09-15,Tuesday,breakfast,07:30-07:35,5,1,16,1,1.0,0.3,,14.0,Aloo Paratha,8.0,1.6,0.8,0.3,1
SYN_breakfast_2026-09-15,Tuesday,breakfast,07:35-07:40,3,1,19,2,2.0,1.0,,15.0,Aloo Paratha,4.0,0.8,0.4,1.0,1
SYN_breakfast_2026-09-15,Tuesday,breakfast,07:40-07:45,6,3,25,5,1.0,0.3,,19.0,Aloo Paratha,14.0,2.8,1.4,0.0,1
SYN_breakfast_2026-09-15,Tuesday,breakfast,07:45-07:50,12,8,37,13,1.0,0.3,,23.0,Aloo Paratha,24.0,4.8,2.4,0.0,1
SYN_breakfast_2026-09-15,Tuesday,breakfast,07:50-07:55,13,3,50,16,0.0,0.0,,34.0,Aloo Paratha,28.0,5.6,2.8,0.0,1
SYN_breakfast_2026-09-15,Tuesday,breakfast,07:55-08:00,19,3,69,19,0.0,0.0,,50.0,Aloo Paratha,40.0,8.0,4.0,0.0,1
SYN_breakfast_2026-09-15,Tuesday,breakfast,08:00-08:05,18,11,87,30,0.0,0.0,,57.0,Aloo Paratha,34.0,6.8,3.4,0.3,1
SYN_breakfast_2026-09-15,Tuesday,breakfast,08:05-08:10,7,10,94,40,1.0,0.3,,53.0,Aloo Paratha,12.0,2.4,1.2,0.3,1
SYN_breakfast_2026-09-15,Tuesday,breakfast,08:10-08:15,25,12,119,52,1.0,0.3,,66.0,Aloo Paratha,50.0,10.0,5.0,0.0,1
SYN_breakfast_2026-09-15,Tuesday,breakfast,08:15-08:20,17,11,136,63,0.0,0.0,,73.0,Aloo Paratha,36.0,7.2,3.6,0.0,1
SYN_breakfast_2026-09-15,Tuesday,breakfast,08:20-08:25,18,23,154,86,0.0,0.0,,68.0,Aloo Paratha,36.0,7.2,3.6,0.0,1
SYN_breakfast_2026-09-15,Tuesday,breakfast,08:25-08:30,20,16,174,102,0.0,0.0,,72.0,Aloo Paratha,40.0,8.0,4.0,0.0,1
SYN_breakfast_2026-09-15,Tuesday,breakfast,08:30-08:35,33,16,207,118,1.0,0.3,,88.0,Aloo Paratha,64.0,12.8,6.4,0.3,1
SYN_breakfast_2026-09-15,Tuesday,breakfast,08:35-08:40,45,16,252,134,6.0,2.0,,112.0,Aloo Paratha,80.0,16.0,8.0,1.7,1
SYN_breakfast_2026-09-15,Tuesday,breakfast,08:40-08:45,73,25,325,159,33.0,11.0,,133.0,Aloo Paratha,92.0,18.4,9.2,9.0,1
SYN_breakfast_2026-09-15,Tuesday,breakfast,08:45-08:50,84,20,409,179,70.0,23.3,,160.0,Aloo Paratha,94.0,18.8,9.4,12.3,1
SYN_breakfast_2026-09-15,Tuesday,breakfast,08:50-08:55,96,31,505,210,120.0,40.0,,175.0,Aloo Paratha,92.0,18.4,9.2,16.7,1
SYN_breakfast_2026-09-15,Tuesday,breakfast,08:55-09:00,90,38,595,248,158.0,52.7,,189.0,Aloo Paratha,104.0,20.8,10.4,12.7,1
SYN_breakfast_2026-09-15,Tuesday,breakfast,09:00-09:05,54,44,649,292,166.0,55.3,,191.0,Aloo Paratha,92.0,18.4,9.2,2.7,1
SYN_breakfast_2026-09-15,Tuesday,breakfast,09:05-09:10,39,51,688,343,156.0,52.0,,189.0,Aloo Paratha,98.0,19.6,9.8,0.0,1
SYN_breakfast_2026-09-15,Tuesday,breakfast,09:10-09:15,32,48,720,391,142.0,47.3,,187.0,Aloo Paratha,92.0,18.4,9.2,0.0,1
SYN_breakfast_2026-09-15,Tuesday,breakfast,09:15-09:20,12,54,732,445,104.0,34.7,,183.0,Aloo Paratha,100.0,20.0,10.0,0.0,1
SYN_breakfast_2026-09-15,Tuesday,breakfast,09:20-09:25,7,41,739,486,61.0,20.3,,192.0,Aloo Paratha,100.0,20.0,10.0,0.0,1
SYN_breakfast_2026-09-15,Tuesday,breakfast,09:25-09:30,5,53,744,539,18.0,6.0,,187.0,Aloo Paratha,96.0,19.2,9.6,0.0,1
SYN_breakfast_2026-09-15,Tuesday,breakfast,09:30-09:35,0,39,744,578,0.0,0.0,,166.0,Aloo Paratha,36.0,7.2,3.6,0.0,1
SYN_breakfast_2026-09-15,Tuesday,breakfast,09:35-09:40,0,42,744,620,0.0,0.0,,124.0,Aloo Paratha,0.0,0.0,0.0,0.0,1
SYN_breakfast_2026-09-15,Tuesday,breakfast,09:40-09:45,0,57,744,677,0.0,0.0,,67.0,Aloo Paratha,0.0,0.0,0.0,0.0,1
SYN_breakfast_2026-09-15,Tuesday,breakfast,09:45-09:50,0,50,744,727,0.0,0.0,,17.0,Aloo Paratha,0.0,0.0,0.0,0.0,1
SYN_breakfast_2026-09-15,Tuesday,breakfast,09:50-09:55,0,13,744,740,0.0,0.0,,4.0,Aloo Paratha,0.0,0.0,0.0,0.0,1
SYN_breakfast_2026-09-15,Tuesday,breakfast,09:55-10:00,0,4,744,744,0.0,0.0,,0.0,Aloo Paratha,0.0,0.0,0.0,0.0,1
SYN_lunch_2026-09-15,Tuesday,lunch,12:00-12:05,23,0,23,0,0.0,0.0,,23.0,Rice/Dal/Roti,92.0,18.4,4.6,0.0,1
SYN_lunch_2026-09-15,Tuesday,lunch,12:05-12:10,14,0,37,0,0.0,0.0,,37.0,Rice/Dal/Roti,56.0,11.2,2.8,0.0,1
SYN_lunch_2026-09-15,Tuesday,lunch,12:10-12:15,18,2,55,2,0.0,0.0,,53.0,Rice/Dal/Roti,72.0,14.4,3.6,0.0,1
SYN_lunch_2026-09-15,Tuesday,lunch,12:15-12:20,28,6,83,8,0.0,0.0,,75.0,Rice/Dal/Roti,112.0,22.4,5.6,0.0,1
SYN_lunch_2026-09-15,Tuesday,lunch,12:20-12:25,26,13,109,21,0.0,0.0,,88.0,Rice/Dal/Roti,104.0,20.8,5.2,0.0,1
SYN_lunch_2026-09-15,Tuesday,lunch,12:25-12:30,29,20,138,41,0.0,0.0,,97.0,Rice/Dal/Roti,116.0,23.2,5.8,0.0,1
SYN_lunch_2026-09-15,Tuesday,lunch,12:30-12:35,25,19,163,60,1.0,0.3,,102.0,Rice/Dal/Roti,96.0,19.2,4.8,0.3,1
SYN_lunch_2026-09-15,Tuesday,lunch,12:35-12:40,29,28,192,88,1.0,0.3,,103.0,Rice/Dal/Roti,116.0,23.2,5.8,0.0,1
SYN_lunch_2026-09-15,Tuesday,lunch,12:40-12:45,37,25,229,113,1.0,0.3,,115.0,Rice/Dal/Roti,148.0,29.6,7.4,0.0,1
SYN_lunch_2026-09-15,Tuesday,lunch,12:45-12:50,30,23,259,136,1.0,0.3,,122.0,Rice/Dal/Roti,120.0,24.0,6.0,0.0,1
SYN_lunch_2026-09-15,Tuesday,lunch,12:50-12:55,46,30,305,166,4.0,1.3,,135.0,Rice/Dal/Roti,172.0,34.4,8.6,1.0,1
SYN_lunch_2026-09-15,Tuesday,lunch,12:55-13:00,41,31,346,197,4.0,1.3,,145.0,Rice/Dal/Roti,164.0,32.8,8.2,0.0,1
SYN_lunch_2026-09-15,Tuesday,lunch,13:00-13:05,36,32,382,229,1.0,0.3,,152.0,Rice/Dal/Roti,156.0,31.2,7.8,0.0,1
SYN_lunch_2026-09-15,Tuesday,lunch,13:05-13:10,37,33,419,262,1.0,0.3,,156.0,Rice/Dal/Roti,148.0,29.6,7.4,0.0,1
SYN_lunch_2026-09-15,Tuesday,lunch,13:10-13:15,33,38,452,300,2.0,0.7,,150.0,Rice/Dal/Roti,128.0,25.6,6.4,0.3,1
SYN_lunch_2026-09-15,Tuesday,lunch,13:15-13:20,24,48,476,348,1.0,0.3,,127.0,Rice/Dal/Roti,100.0,20.0,5.0,0.0,1
SYN_lunch_2026-09-15,Tuesday,lunch,13:20-13:25,43,31,519,379,3.0,1.0,,137.0,Rice/Dal/Roti,164.0,32.8,8.2,0.7,1
SYN_lunch_2026-09-15,Tuesday,lunch,13:25-13:30,28,35,547,414,1.0,0.3,,132.0,Rice/Dal/Roti,120.0,24.0,6.0,0.0,1
SYN_lunch_2026-09-15,Tuesday,lunch,13:30-13:35,32,33,579,447,1.0,0.3,,131.0,Rice/Dal/Roti,128.0,25.6,6.4,0.0,1
SYN_lunch_2026-09-15,Tuesday,lunch,13:35-13:40,36,33,615,480,1.0,0.3,,134.0,Rice/Dal/Roti,144.0,28.8,7.2,0.0,1
SYN_lunch_2026-09-15,Tuesday,lunch,13:40-13:45,51,33,666,513,9.0,3.0,,144.0,Rice/Dal/Roti,172.0,34.4,8.6,2.7,1
SYN_lunch_2026-09-15,Tuesday,lunch,13:45-13:50,58,34,724,547,20.0,6.7,,157.0,Rice/Dal/Roti,188.0,37.6,9.4,3.7,1
SYN_lunch_2026-09-15,Tuesday,lunch,13:50-13:55,56,35,780,582,29.0,9.7,,169.0,Rice/Dal/Roti,188.0,37.6,9.4,3.0,1
SYN_lunch_2026-09-15,Tuesday,lunch,13:55-14:00,43,38,823,620,24.0,8.0,,179.0,Rice/Dal/Roti,192.0,38.4,9.6,0.0,1
SYN_lunch_2026-09-15,Tuesday,lunch,14:00-14:05,0,38,823,658,1.0,0.3,,164.0,Rice/Dal/Roti,92.0,18.4,4.6,0.0,1
SYN_lunch_2026-09-15,Tuesday,lunch,14:05-14:10,0,45,823,703,1.0,0.3,,119.0,Rice/Dal/Roti,0.0,0.0,0.0,0.0,1
SYN_lunch_2026-09-15,Tuesday,lunch,14:10-14:15,0,46,823,749,1.0,0.3,,73.0,Rice/Dal/Roti,0.0,0.0,0.0,0.0,1
SYN_lunch_2026-09-15,Tuesday,lunch,14:15-14:20,0,36,823,785,1.0,0.3,,37.0,Rice/Dal/Roti,0.0,0.0,0.0,0.0,1
SYN_lunch_2026-09-15,Tuesday,lunch,14:20-14:25,0,33,823,818,1.0,0.3,,4.0,Rice/Dal/Roti,0.0,0.0,0.0,0.0,1
SYN_lunch_2026-09-15,Tuesday,lunch,14:25-14:30,0,5,823,823,1.0,0.3,,0.0,Rice/Dal/Roti,0.0,0.0,0.0,0.0,1
SYN_dinner_2026-09-15,Tuesday,dinner,19:30-19:35,9,0,9,0,0.0,0.0,,9.0,Roti/Sabzi,36.0,7.2,1.8,0.0,1
SYN_dinner_2026-09-15,Tuesday,dinner,19:35-19:40,6,0,15,0,0.0,0.0,,15.0,Roti/Sabzi,24.0,4.8,1.2,0.0,1
SYN_dinner_2026-09-15,Tuesday,dinner,19:40-19:45,5,0,20,0,0.0,0.0,,20.0,Roti/Sabzi,20.0,4.0,1.0,0.0,1
SYN_dinner_2026-09-15,Tuesday,dinner,19:45-19:50,5,2,25,2,0.0,0.0,,23.0,Roti/Sabzi,20.0,4.0,1.0,0.0,1
SYN_dinner_2026-09-15,Tuesday,dinner,19:50-19:55,3,5,28,7,0.0,1.0,,21.0,Roti/Sabzi,12.0,2.4,0.6,1.0,1
SYN_dinner_2026-09-15,Tuesday,dinner,19:55-20:00,8,9,36,16,0.0,0.0,,20.0,Roti/Sabzi,36.0,7.2,1.8,0.0,1
SYN_dinner_2026-09-15,Tuesday,dinner,20:00-20:05,46,6,82,22,0.0,0.0,,60.0,Roti/Sabzi,184.0,36.8,9.2,0.0,1
SYN_dinner_2026-09-15,Tuesday,dinner,20:05-20:10,34,3,116,25,0.0,0.0,,91.0,Roti/Sabzi,140.0,28.0,7.0,0.0,1
SYN_dinner_2026-09-15,Tuesday,dinner,20:10-20:15,35,7,151,32,0.0,0.0,,119.0,Roti/Sabzi,140.0,28.0,7.0,0.0,1
SYN_dinner_2026-09-15,Tuesday,dinner,20:15-20:20,28,23,179,55,0.0,0.0,,124.0,Roti/Sabzi,112.0,22.4,5.6,0.0,1
SYN_dinner_2026-09-15,Tuesday,dinner,20:20-20:25,38,27,217,82,0.0,0.0,,135.0,Roti/Sabzi,152.0,30.4,7.6,0.0,1
SYN_dinner_2026-09-15,Tuesday,dinner,20:25-20:30,53,34,270,116,10.0,3.3,,144.0,Roti/Sabzi,164.0,32.8,8.2,4.0,1
SYN_dinner_2026-09-15,Tuesday,dinner,20:30-20:35,36,35,306,151,2.0,0.7,,153.0,Roti/Sabzi,176.0,35.2,8.8,0.0,1
SYN_dinner_2026-09-15,Tuesday,dinner,20:35-20:40,39,36,345,187,4.0,1.3,,154.0,Roti/Sabzi,148.0,29.6,7.4,0.7,1
SYN_dinner_2026-09-15,Tuesday,dinner,20:40-20:45,32,32,377,219,0.0,0.0,,158.0,Roti/Sabzi,152.0,30.4,7.6,0.0,1
SYN_dinner_2026-09-15,Tuesday,dinner,20:45-20:50,35,44,412,263,33.0,11.0,,116.0,Roti/Sabzi,0.0,0.0,0.0,11.7,1
SYN_dinner_2026-09-15,Tuesday,dinner,20:50-20:55,40,38,452,301,33.0,11.0,,118.0,Roti/Sabzi,160.0,32.0,8.0,0.0,1
SYN_dinner_2026-09-15,Tuesday,dinner,20:55-21:00,34,41,486,342,32.0,10.7,,112.0,Roti/Sabzi,140.0,28.0,7.0,0.0,1
SYN_dinner_2026-09-15,Tuesday,dinner,21:00-21:05,26,36,512,378,32.0,10.7,,102.0,Roti/Sabzi,104.0,20.8,5.2,0.0,1
SYN_dinner_2026-09-15,Tuesday,dinner,21:05-21:10,43,31,555,409,34.0,11.3,,112.0,Roti/Sabzi,164.0,32.8,8.2,0.7,1
SYN_dinner_2026-09-15,Tuesday,dinner,21:10-21:15,65,39,620,448,99.0,33.0,,73.0,Roti/Sabzi,0.0,0.0,0.0,21.7,1
SYN_dinner_2026-09-15,Tuesday,dinner,21:15-21:20,52,33,672,481,106.0,35.3,,85.0,Roti/Sabzi,180.0,36.0,9.0,2.3,1
SYN_dinner_2026-09-15,Tuesday,dinner,21:20-21:25,45,31,717,512,108.0,36.0,,97.0,Roti/Sabzi,172.0,34.4,8.6,0.7,1
SYN_dinner_2026-09-15,Tuesday,dinner,21:25-21:30,39,44,756,556,104.0,34.7,,96.0,Roti/Sabzi,172.0,34.4,8.6,0.0,1
SYN_dinner_2026-09-15,Tuesday,dinner,21:30-21:35,35,44,791,600,94.0,31.3,,97.0,Roti/Sabzi,180.0,36.0,9.0,0.0,1
SYN_dinner_2026-09-15,Tuesday,dinner,21:35-21:40,45,43,836,643,93.0,31.0,,100.0,Roti/Sabzi,184.0,36.8,9.2,0.0,1
SYN_dinner_2026-09-15,Tuesday,dinner,21:40-21:45,30,41,866,684,78.0,26.0,,104.0,Roti/Sabzi,180.0,36.0,9.0,0.0,1
SYN_dinner_2026-09-15,Tuesday,dinner,21:45-21:50,0,42,866,726,74.0,24.7,,66.0,Roti/Sabzi,16.0,3.2,0.8,0.0,1
SYN_dinner_2026-09-15,Tuesday,dinner,21:50-21:55,0,50,866,776,74.0,24.7,,16.0,Roti/Sabzi,0.0,0.0,0.0,0.0,1
SYN_dinner_2026-09-15,Tuesday,dinner,21:55-22:00,0,41,866,817,74.0,24.7,,0.0,Roti/Sabzi,0.0,0.0,0.0,0.0,1
SYN_dinner_2026-09-15,Tuesday,dinner,22:00-22:05,0,31,866,848,74.0,24.7,,0.0,Roti/Sabzi,0.0,0.0,0.0,0.0,1
SYN_dinner_2026-09-15,Tuesday,dinner,22:05-22:10,0,15,866,863,74.0,24.7,,0.0,Roti/Sabzi,0.0,0.0,0.0,0.0,1
SYN_dinner_2026-09-15,Tuesday,dinner,22:10-22:15,0,3,866,866,74.0,24.7,,0.0,Roti/Sabzi,0.0,0.0,0.0,0.0,1
SYN_breakfast_2026-09-16,Wednesday,breakfast,07:15-07:20,4,0,4,0,0.0,0.0,,4.0,Dosa,8.0,1.6,0.8,0.0,1
SYN_breakfast_2026-09-16,Wednesday,breakfast,07:20-07:25,3,0,7,0,1.0,1.0,,6.0,Dosa,4.0,0.8,0.4,1.0,1
SYN_breakfast_2026-09-16,Wednesday,breakfast,07:25-07:30,1,0,8,0,0.0,1.0,,8.0,Dosa,4.0,0.8,0.4,1.0,1
SYN_breakfast_2026-09-16,Wednesday,breakfast,07:30-07:35,4,0,12,0,0.0,0.0,,12.0,Dosa,8.0,1.6,0.8,0.0,1
SYN_breakfast_2026-09-16,Wednesday,breakfast,07:35-07:40,5,4,17,4,0.0,0.0,,13.0,Dosa,10.0,2.0,1.0,0.0,1
SYN_breakfast_2026-09-16,Wednesday,breakfast,07:40-07:45,5,2,22,6,0.0,0.0,,16.0,Dosa,12.0,2.4,1.2,0.0,1
SYN_breakfast_2026-09-16,Wednesday,breakfast,07:45-07:50,17,4,39,10,0.0,0.0,,29.0,Dosa,36.0,7.2,3.6,0.0,1
SYN_breakfast_2026-09-16,Wednesday,breakfast,07:50-07:55,15,2,54,12,0.0,0.0,,42.0,Dosa,28.0,5.6,2.8,0.3,1
SYN_breakfast_2026-09-16,Wednesday,breakfast,07:55-08:00,16,4,70,16,0.0,0.0,,54.0,Dosa,32.0,6.4,3.2,0.0,1
SYN_breakfast_2026-09-16,Wednesday,breakfast,08:00-08:05,23,7,93,23,0.0,0.0,,70.0,Dosa,46.0,9.2,4.6,0.0,1
SYN_breakfast_2026-09-16,Wednesday,breakfast,08:05-08:10,10,15,103,38,0.0,0.0,,65.0,Dosa,20.0,4.0,2.0,0.0,1
SYN_breakfast_2026-09-16,Wednesday,breakfast,08:10-08:15,22,23,125,61,0.0,0.0,,64.0,Dosa,44.0,8.8,4.4,0.0,1
SYN_breakfast_2026-09-16,Wednesday,breakfast,08:15-08:20,16,14,141,75,0.0,0.0,,66.0,Dosa,32.0,6.4,3.2,0.0,1
SYN_breakfast_2026-09-16,Wednesday,breakfast,08:20-08:25,23,17,164,92,0.0,0.0,,72.0,Dosa,46.0,9.2,4.6,0.0,1
SYN_breakfast_2026-09-16,Wednesday,breakfast,08:25-08:30,15,21,179,113,0.0,0.0,,66.0,Dosa,30.0,6.0,3.0,0.0,1
SYN_breakfast_2026-09-16,Wednesday,breakfast,08:30-08:35,42,12,221,125,0.0,0.0,,96.0,Dosa,84.0,16.8,8.4,0.0,1
SYN_breakfast_2026-09-16,Wednesday,breakfast,08:35-08:40,38,18,259,143,0.0,0.0,,116.0,Dosa,76.0,15.2,7.6,0.0,1
SYN_breakfast_2026-09-16,Wednesday,breakfast,08:40-08:45,48,20,307,163,0.0,0.0,,144.0,Dosa,94.0,18.8,9.4,0.3,1
SYN_breakfast_2026-09-16,Wednesday,breakfast,08:45-08:50,75,25,382,188,21.0,7.0,,173.0,Dosa,108.0,21.6,10.8,7.0,1
SYN_breakfast_2026-09-16,Wednesday,breakfast,08:50-08:55,59,36,441,224,26.0,8.7,,191.0,Dosa,108.0,21.6,10.8,1.7,1
SYN_breakfast_2026-09-16,Wednesday,breakfast,08:55-09:00,64,38,505,262,41.0,13.7,,202.0,Dosa,98.0,19.6,9.8,5.0,1
SYN_breakfast_2026-09-16,Wednesday,breakfast,09:00-09:05,62,48,567,310,49.0,16.3,,208.0,Dosa,108.0,21.6,10.8,2.7,1
SYN_breakfast_2026-09-16,Wednesday,breakfast,09:05-09:10,42,51,609,361,37.0,12.3,,211.0,Dosa,108.0,21.6,10.8,0.0,1
SYN_breakfast_2026-09-16,Wednesday,breakfast,09:10-09:15,30,49,639,410,15.0,5.0,,214.0,Dosa,104.0,20.8,10.4,0.0,1
SYN_breakfast_2026-09-16,Wednesday,breakfast,09:15-09:20,20,55,659,465,0.0,0.0,,194.0,Dosa,76.0,15.2,7.6,0.0,1
SYN_breakfast_2026-09-16,Wednesday,breakfast,09:20-09:25,18,49,677,514,0.0,0.0,,163.0,Dosa,36.0,7.2,3.6,0.0,1
SYN_breakfast_2026-09-16,Wednesday,breakfast,09:25-09:30,1,46,678,560,0.0,1.0,,118.0,Dosa,4.0,0.8,0.4,1.0,1
SYN_breakfast_2026-09-16,Wednesday,breakfast,09:30-09:35,0,57,678,617,0.0,0.0,,61.0,Dosa,0.0,0.0,0.0,0.0,1
SYN_breakfast_2026-09-16,Wednesday,breakfast,09:35-09:40,0,35,678,652,0.0,0.0,,26.0,Dosa,0.0,0.0,0.0,0.0,1
SYN_breakfast_2026-09-16,Wednesday,breakfast,09:40-09:45,0,19,678,671,0.0,0.0,,7.0,Dosa,0.0,0.0,0.0,0.0,1
SYN_breakfast_2026-09-16,Wednesday,breakfast,09:45-09:50,0,5,678,676,0.0,0.0,,2.0,Dosa,0.0,0.0,0.0,0.0,1
SYN_breakfast_2026-09-16,Wednesday,breakfast,09:50-09:55,0,1,678,677,0.0,0.0,,1.0,Dosa,0.0,0.0,0.0,0.0,1
SYN_breakfast_2026-09-16,Wednesday,breakfast,09:55-10:00,0,1,678,678,0.0,0.0,,0.0,Dosa,0.0,0.0,0.0,0.0,1
SYN_lunch_2026-09-16,Wednesday,lunch,12:00-12:05,16,0,16,0,0.0,0.0,,16.0,Rice/Dal/Roti,64.0,12.8,3.2,0.0,1
SYN_lunch_2026-09-16,Wednesday,lunch,12:05-12:10,25,0,41,0,0.0,0.0,,41.0,Rice/Dal/Roti,100.0,20.0,5.0,0.0,1
SYN_lunch_2026-09-16,Wednesday,lunch,12:10-12:15,17,1,58,1,0.0,0.0,,57.0,Rice/Dal/Roti,68.0,13.6,3.4,0.0,1
SYN_lunch_2026-09-16,Wednesday,lunch,12:15-12:20,15,4,73,5,0.0,0.0,,68.0,Rice/Dal/Roti,60.0,12.0,3.0,0.0,1
SYN_lunch_2026-09-16,Wednesday,lunch,12:20-12:25,13,11,86,16,0.0,0.0,,70.0,Rice/Dal/Roti,52.0,10.4,2.6,0.0,1
SYN_lunch_2026-09-16,Wednesday,lunch,12:25-12:30,27,21,113,37,0.0,0.0,,76.0,Rice/Dal/Roti,108.0,21.6,5.4,0.0,1
SYN_lunch_2026-09-16,Wednesday,lunch,12:30-12:35,18,17,131,54,0.0,0.0,,77.0,Rice/Dal/Roti,72.0,14.4,3.6,0.0,1
SYN_lunch_2026-09-16,Wednesday,lunch,12:35-12:40,28,16,159,70,0.0,0.0,,89.0,Rice/Dal/Roti,112.0,22.4,5.6,0.0,1
SYN_lunch_2026-09-16,Wednesday,lunch,12:40-12:45,42,20,201,90,5.0,1.7,,106.0,Rice/Dal/Roti,148.0,29.6,7.4,1.7,1
SYN_lunch_2026-09-16,Wednesday,lunch,12:45-12:50,73,20,274,110,30.0,10.0,,134.0,Rice/Dal/Roti,192.0,38.4,9.6,8.3,1
SYN_lunch_2026-09-16,Wednesday,lunch,12:50-12:55,57,26,331,136,37.0,12.3,,158.0,Rice/Dal/Roti,200.0,40.0,10.0,2.3,1
SYN_lunch_2026-09-16,Wednesday,lunch,12:55-13:00,60,25,391,161,33.0,11.0,,197.0,Rice/Dal/Roti,256.0,51.2,12.8,0.0,1
SYN_lunch_2026-09-16,Wednesday,lunch,13:00-13:05,51,39,442,200,19.0,6.3,,223.0,Rice/Dal/Roti,260.0,52.0,13.0,0.0,1
SYN_lunch_2026-09-16,Wednesday,lunch,13:05-13:10,30,48,472,248,1.0,0.3,,223.0,Rice/Dal/Roti,192.0,38.4,9.6,0.0,1
SYN_lunch_2026-09-16,Wednesday,lunch,13:10-13:15,38,55,510,303,1.0,0.3,,206.0,Rice/Dal/Roti,152.0,30.4,7.6,0.0,1
SYN_lunch_2026-09-16,Wednesday,lunch,13:15-13:20,23,60,533,363,1.0,0.3,,169.0,Rice/Dal/Roti,92.0,18.4,4.6,0.0,1
SYN_lunch_2026-09-16,Wednesday,lunch,13:20-13:25,28,54,561,417,1.0,0.3,,143.0,Rice/Dal/Roti,112.0,22.4,5.6,0.0,1
SYN_lunch_2026-09-16,Wednesday,lunch,13:25-13:30,29,51,590,468,1.0,0.3,,121.0,Rice/Dal/Roti,116.0,23.2,5.8,0.0,1
SYN_lunch_2026-09-16,Wednesday,lunch,13:30-13:35,15,28,605,496,1.0,0.3,,108.0,Rice/Dal/Roti,60.0,12.0,3.0,0.0,1
SYN_lunch_2026-09-16,Wednesday,lunch,13:35-13:40,23,39,628,535,1.0,0.3,,92.0,Rice/Dal/Roti,92.0,18.4,4.6,0.0,1
SYN_lunch_2026-09-16,Wednesday,lunch,13:40-13:45,30,29,658,564,1.0,0.3,,93.0,Rice/Dal/Roti,120.0,24.0,6.0,0.0,1
SYN_lunch_2026-09-16,Wednesday,lunch,13:45-13:50,52,21,710,585,2.0,0.7,,123.0,Rice/Dal/Roti,204.0,40.8,10.2,0.3,1
SYN_lunch_2026-09-16,Wednesday,lunch,13:50-13:55,38,18,748,603,2.0,0.7,,143.0,Rice/Dal/Roti,152.0,30.4,7.6,0.0,1
SYN_lunch_2026-09-16,Wednesday,lunch,13:55-14:00,41,35,789,638,2.0,0.7,,149.0,Rice/Dal/Roti,164.0,32.8,8.2,0.0,1
SYN_lunch_2026-09-16,Wednesday,lunch,14:00-14:05,0,26,789,664,2.0,0.7,,123.0,Rice/Dal/Roti,0.0,0.0,0.0,0.0,1
SYN_lunch_2026-09-16,Wednesday,lunch,14:05-14:10,0,39,789,703,2.0,0.7,,84.0,Rice/Dal/Roti,0.0,0.0,0.0,0.0,1
SYN_lunch_2026-09-16,Wednesday,lunch,14:10-14:15,0,38,789,741,2.0,0.7,,46.0,Rice/Dal/Roti,0.0,0.0,0.0,0.0,1
SYN_lunch_2026-09-16,Wednesday,lunch,14:15-14:20,0,38,789,779,2.0,0.7,,8.0,Rice/Dal/Roti,0.0,0.0,0.0,0.0,1
SYN_lunch_2026-09-16,Wednesday,lunch,14:20-14:25,0,10,789,789,2.0,0.7,,0.0,Rice/Dal/Roti,0.0,0.0,0.0,0.0,1
SYN_dinner_2026-09-16,Wednesday,dinner,19:30-19:35,42,0,42,0,10.0,3.3,,32.0,Veg Biryani (special),32.0,6.4,6.4,3.3,1
SYN_dinner_2026-09-16,Wednesday,dinner,19:35-19:40,32,0,74,0,4.0,1.3,,70.0,Veg Biryani (special),38.0,7.6,7.6,0.0,1
SYN_dinner_2026-09-16,Wednesday,dinner,19:40-19:45,24,2,98,2,0.0,0.0,,96.0,Veg Biryani (special),30.0,6.0,6.0,0.0,1
SYN_dinner_2026-09-16,Wednesday,dinner,19:45-19:50,14,8,112,10,0.0,0.0,,102.0,Veg Biryani (special),14.0,2.8,2.8,0.0,1
SYN_dinner_2026-09-16,Wednesday,dinner,19:50-19:55,9,21,121,31,0.0,0.0,,90.0,Veg Biryani (special),8.0,1.6,1.6,0.3,1
SYN_dinner_2026-09-16,Wednesday,dinner,19:55-20:00,6,37,127,68,0.0,0.0,,59.0,Veg Biryani (special),6.0,1.2,1.2,0.0,1
SYN_dinner_2026-09-16,Wednesday,dinner,20:00-20:05,42,28,169,96,0.0,0.0,,73.0,Veg Biryani (special),41.0,8.2,8.2,0.3,1
SYN_dinner_2026-09-16,Wednesday,dinner,20:05-20:10,23,12,192,108,0.0,0.0,,84.0,Veg Biryani (special),27.0,5.4,5.4,0.0,1
SYN_dinner_2026-09-16,Wednesday,dinner,20:10-20:15,32,14,224,122,0.0,0.0,,102.0,Veg Biryani (special),30.0,6.0,6.0,0.7,1
SYN_dinner_2026-09-16,Wednesday,dinner,20:15-20:20,31,18,255,140,0.0,0.0,,115.0,Veg Biryani (special),31.0,6.2,6.2,0.0,1
SYN_dinner_2026-09-16,Wednesday,dinner,20:20-20:25,39,27,294,167,0.0,0.0,,127.0,Veg Biryani (special),39.0,7.8,7.8,0.0,1
SYN_dinner_2026-09-16,Wednesday,dinner,20:25-20:30,31,25,325,192,0.0,0.0,,133.0,Veg Biryani (special),32.0,6.4,6.4,0.0,1
SYN_dinner_2026-09-16,Wednesday,dinner,20:30-20:35,37,26,362,218,0.0,0.0,,144.0,Veg Biryani (special),36.0,7.2,7.2,0.3,1
SYN_dinner_2026-09-16,Wednesday,dinner,20:35-20:40,40,40,402,258,0.0,0.0,,144.0,Veg Biryani (special),38.0,7.6,7.6,0.7,1
SYN_dinner_2026-09-16,Wednesday,dinner,20:40-20:45,34,36,436,294,34.0,11.3,,108.0,Veg Biryani (special),0.0,0.0,0.0,11.3,1
SYN_dinner_2026-09-16,Wednesday,dinner,20:45-20:50,42,35,478,329,36.0,12.0,,113.0,Veg Biryani (special),40.0,8.0,8.0,0.7,1
SYN_dinner_2026-09-16,Wednesday,dinner,20:50-20:55,28,31,506,360,33.0,11.0,,113.0,Veg Biryani (special),31.0,6.2,6.2,0.0,1
SYN_dinner_2026-09-16,Wednesday,dinner,20:55-21:00,41,40,547,400,35.0,11.7,,112.0,Veg Biryani (special),39.0,7.8,7.8,0.7,1
SYN_dinner_2026-09-16,Wednesday,dinner,21:00-21:05,23,37,570,437,34.0,11.3,,99.0,Veg Biryani (special),24.0,4.8,4.8,0.0,1
SYN_dinner_2026-09-16,Wednesday,dinner,21:05-21:10,30,38,600,475,32.0,10.7,,93.0,Veg Biryani (special),32.0,6.4,6.4,0.0,1
SYN_dinner_2026-09-16,Wednesday,dinner,21:10-21:15,35,35,635,510,34.0,11.3,,91.0,Veg Biryani (special),33.0,6.6,6.6,0.7,1
SYN_dinner_2026-09-16,Wednesday,dinner,21:15-21:20,29,28,664,538,33.0,11.0,,93.0,Veg Biryani (special),30.0,6.0,6.0,0.0,1
SYN_dinner_2026-09-16,Wednesday,dinner,21:20-21:25,30,33,694,571,33.0,11.0,,90.0,Veg Biryani (special),30.0,6.0,6.0,0.0,1
SYN_dinner_2026-09-16,Wednesday,dinner,21:25-21:30,36,25,730,596,33.0,11.0,,101.0,Veg Biryani (special),36.0,7.2,7.2,0.0,1
SYN_dinner_2026-09-16,Wednesday,dinner,21:30-21:35,55,37,785,633,49.0,16.3,,103.0,Veg Biryani (special),39.0,7.8,7.8,5.3,1
SYN_dinner_2026-09-16,Wednesday,dinner,21:35-21:40,30,31,815,664,40.0,13.3,,111.0,Veg Biryani (special),39.0,7.8,7.8,0.0,1
SYN_dinner_2026-09-16,Wednesday,dinner,21:40-21:45,12,30,827,694,29.0,9.7,,104.0,Veg Biryani (special),23.0,4.6,4.6,0.0,1
SYN_dinner_2026-09-16,Wednesday,dinner,21:45-21:50,0,40,827,734,29.0,9.7,,64.0,Veg Biryani (special),0.0,0.0,0.0,0.0,1
SYN_dinner_2026-09-16,Wednesday,dinner,21:50-21:55,0,34,827,768,29.0,9.7,,30.0,Veg Biryani (special),0.0,0.0,0.0,0.0,1
SYN_dinner_2026-09-16,Wednesday,dinner,21:55-22:00,0,30,827,798,29.0,9.7,,0.0,Veg Biryani (special),0.0,0.0,0.0,0.0,1
SYN_dinner_2026-09-16,Wednesday,dinner,22:00-22:05,0,22,827,820,29.0,9.7,,0.0,Veg Biryani (special),0.0,0.0,0.0,0.0,1
SYN_dinner_2026-09-16,Wednesday,dinner,22:05-22:10,0,7,827,827,29.0,9.7,,0.0,Veg Biryani (special),0.0,0.0,0.0,0.0,1
SYN_breakfast_2026-09-17,Thursday,breakfast,07:15-07:20,6,0,6,0,1.0,0.3,,5.0,Poha,5.0,1.0,1.0,0.3,1
SYN_breakfast_2026-09-17,Thursday,breakfast,07:20-07:25,6,0,12,0,1.0,0.3,,11.0,Poha,6.0,1.2,1.2,0.0,1
SYN_breakfast_2026-09-17,Thursday,breakfast,07:25-07:30,9,1,21,1,1.0,0.3,,19.0,Poha,9.0,1.8,1.8,0.0,1
SYN_breakfast_2026-09-17,Thursday,breakfast,07:30-07:35,7,2,28,3,2.0,0.7,,23.0,Poha,6.0,1.2,1.2,0.3,1
SYN_breakfast_2026-09-17,Thursday,breakfast,07:35-07:40,8,2,36,5,10.0,3.3,,21.0,Poha,0.0,0.0,0.0,2.7,1
SYN_breakfast_2026-09-17,Thursday,breakfast,07:40-07:45,10,7,46,12,10.0,3.3,,24.0,Poha,10.0,2.0,2.0,0.0,1
SYN_breakfast_2026-09-17,Thursday,breakfast,07:45-07:50,18,8,64,20,28.0,9.3,,16.0,Poha,0.0,0.0,0.0,6.0,1
SYN_breakfast_2026-09-17,Thursday,breakfast,07:50-07:55,11,7,75,27,27.0,9.0,,21.0,Poha,12.0,2.4,2.4,0.0,1
SYN_breakfast_2026-09-17,Thursday,breakfast,07:55-08:00,20,6,95,33,26.0,8.7,,36.0,Poha,21.0,4.2,4.2,0.0,1
SYN_breakfast_2026-09-17,Thursday,breakfast,08:00-08:05,16,14,111,47,23.0,7.7,,41.0,Poha,19.0,3.8,3.8,0.0,1
SYN_breakfast_2026-09-17,Thursday,breakfast,08:05-08:10,17,14,128,61,23.0,7.7,,44.0,Poha,17.0,3.4,3.4,0.0,1
SYN_breakfast_2026-09-17,Thursday,breakfast,08:10-08:15,27,16,155,77,23.0,7.7,,55.0,Poha,27.0,5.4,5.4,0.0,1
SYN_breakfast_2026-09-17,Thursday,breakfast,08:15-08:20,27,17,182,94,24.0,8.0,,64.0,Poha,26.0,5.2,5.2,0.3,1
SYN_breakfast_2026-09-17,Thursday,breakfast,08:20-08:25,30,19,212,113,25.0,8.3,,74.0,Poha,29.0,5.8,5.8,0.3,1
SYN_breakfast_2026-09-17,Thursday,breakfast,08:25-08:30,31,21,243,134,24.0,8.0,,85.0,Poha,32.0,6.4,6.4,0.0,1
SYN_breakfast_2026-09-17,Thursday,breakfast,08:30-08:35,49,24,292,158,25.0,8.3,,109.0,Poha,48.0,9.6,9.6,0.3,1
SYN_breakfast_2026-09-17,Thursday,breakfast,08:35-08:40,48,28,340,186,24.0,8.0,,130.0,Poha,49.0,9.8,9.8,0.0,1
SYN_breakfast_2026-09-17,Thursday,breakfast,08:40-08:45,81,29,421,215,31.0,10.3,,175.0,Poha,74.0,14.8,14.8,2.3,1
SYN_breakfast_2026-09-17,Thursday,breakfast,08:45-08:50,83,28,504,243,48.0,16.0,,213.0,Poha,66.0,13.2,13.2,5.7,1
SYN_breakfast_2026-09-17,Thursday,breakfast,08:50-08:55,86,50,590,293,64.0,21.3,,233.0,Poha,70.0,14.0,14.0,5.3,1
SYN_breakfast_2026-09-17,Thursday,breakfast,08:55-09:00,44,53,634,346,39.0,13.0,,249.0,Poha,69.0,13.8,13.8,0.0,1
SYN_breakfast_2026-09-17,Thursday,breakfast,09:00-09:05,56,70,690,416,25.0,8.3,,249.0,Poha,70.0,14.0,14.0,0.0,1
SYN_breakfast_2026-09-17,Thursday,breakfast,09:05-09:10,33,68,723,484,21.0,7.0,,218.0,Poha,37.0,7.4,7.4,0.0,1
SYN_breakfast_2026-09-17,Thursday,breakfast,09:10-09:15,10,71,733,555,21.0,7.0,,157.0,Poha,10.0,2.0,2.0,0.0,1
SYN_breakfast_2026-09-17,Thursday,breakfast,09:15-09:20,6,65,739,620,22.0,7.3,,97.0,Poha,5.0,1.0,1.0,0.3,1
SYN_breakfast_2026-09-17,Thursday,breakfast,09:20-09:25,7,54,746,674,23.0,7.7,,49.0,Poha,6.0,1.2,1.2,0.3,1
SYN_breakfast_2026-09-17,Thursday,breakfast,09:25-09:30,2,40,748,714,22.0,7.3,,12.0,Poha,3.0,0.6,0.6,1.0,1
SYN_breakfast_2026-09-17,Thursday,breakfast,09:30-09:35,0,19,748,733,22.0,7.3,,0.0,Poha,0.0,0.0,0.0,0.0,1
SYN_breakfast_2026-09-17,Thursday,breakfast,09:35-09:40,0,8,748,741,22.0,7.3,,0.0,Poha,0.0,0.0,0.0,0.0,1
SYN_breakfast_2026-09-17,Thursday,breakfast,09:40-09:45,0,3,748,744,22.0,7.3,,0.0,Poha,0.0,0.0,0.0,0.0,1
SYN_breakfast_2026-09-17,Thursday,breakfast,09:45-09:50,0,4,748,748,22.0,7.3,,0.0,Poha,0.0,0.0,0.0,0.0,1
SYN_lunch_2026-09-17,Thursday,lunch,12:00-12:05,12,0,12,0,0.0,0.0,,12.0,Rice/Dal/Roti,48.0,9.6,2.4,0.0,1
SYN_lunch_2026-09-17,Thursday,lunch,12:05-12:10,24,0,36,0,0.0,0.0,,36.0,Rice/Dal/Roti,96.0,19.2,4.8,0.0,1
SYN_lunch_2026-09-17,Thursday,lunch,12:10-12:15,21,1,57,1,0.0,0.0,,56.0,Rice/Dal/Roti,84.0,16.8,4.2,0.0,1
SYN_lunch_2026-09-17,Thursday,lunch,12:15-12:20,26,3,83,4,0.0,0.0,,79.0,Rice/Dal/Roti,104.0,20.8,5.2,0.0,1
SYN_lunch_2026-09-17,Thursday,lunch,12:20-12:25,12,13,95,17,0.0,0.0,,78.0,Rice/Dal/Roti,48.0,9.6,2.4,0.0,1
SYN_lunch_2026-09-17,Thursday,lunch,12:25-12:30,34,22,129,39,0.0,0.0,,90.0,Rice/Dal/Roti,136.0,27.2,6.8,0.0,1
SYN_lunch_2026-09-17,Thursday,lunch,12:30-12:35,24,18,153,57,0.0,0.0,,96.0,Rice/Dal/Roti,96.0,19.2,4.8,0.0,1
SYN_lunch_2026-09-17,Thursday,lunch,12:35-12:40,41,20,194,77,2.0,0.7,,115.0,Rice/Dal/Roti,156.0,31.2,7.8,0.7,1
SYN_lunch_2026-09-17,Thursday,lunch,12:40-12:45,59,34,253,111,10.0,3.3,,132.0,Rice/Dal/Roti,204.0,40.8,10.2,2.7,1
SYN_lunch_2026-09-17,Thursday,lunch,12:45-12:50,78,17,331,128,42.0,14.0,,161.0,Rice/Dal/Roti,184.0,36.8,9.2,10.7,1
SYN_lunch_2026-09-17,Thursday,lunch,12:50-12:55,102,31,433,159,99.0,33.0,,175.0,Rice/Dal/Roti,180.0,36.0,9.0,19.0,1
SYN_lunch_2026-09-17,Thursday,lunch,12:55-13:00,80,47,513,206,130.0,43.3,,177.0,Rice/Dal/Roti,196.0,39.2,9.8,10.3,1
SYN_lunch_2026-09-17,Thursday,lunch,13:00-13:05,47,36,560,242,130.0,43.3,,188.0,Rice/Dal/Roti,188.0,37.6,9.4,0.0,1
SYN_lunch_2026-09-17,Thursday,lunch,13:05-13:10,43,41,603,283,126.0,42.0,,194.0,Rice/Dal/Roti,188.0,37.6,9.4,0.0,1
SYN_lunch_2026-09-17,Thursday,lunch,13:10-13:15,25,51,628,334,103.0,34.3,,191.0,Rice/Dal/Roti,192.0,38.4,9.6,0.0,1
SYN_lunch_2026-09-17,Thursday,lunch,13:15-13:20,28,54,656,388,131.0,43.7,,137.0,Rice/Dal/Roti,0.0,0.0,0.0,9.3,1
SYN_lunch_2026-09-17,Thursday,lunch,13:20-13:25,36,41,692,429,120.0,40.0,,143.0,Rice/Dal/Roti,188.0,37.6,9.4,0.0,1
SYN_lunch_2026-09-17,Thursday,lunch,13:25-13:30,37,40,729,469,107.0,35.7,,153.0,Rice/Dal/Roti,200.0,40.0,10.0,0.0,1
SYN_lunch_2026-09-17,Thursday,lunch,13:30-13:35,31,55,760,524,89.0,29.7,,147.0,Rice/Dal/Roti,196.0,39.2,9.8,0.0,1
SYN_lunch_2026-09-17,Thursday,lunch,13:35-13:40,26,54,786,578,66.0,22.0,,142.0,Rice/Dal/Roti,196.0,39.2,9.8,0.0,1
SYN_lunch_2026-09-17,Thursday,lunch,13:40-13:45,41,50,827,628,59.0,19.7,,140.0,Rice/Dal/Roti,192.0,38.4,9.6,0.0,1
SYN_lunch_2026-09-17,Thursday,lunch,13:45-13:50,38,53,865,681,52.0,17.3,,132.0,Rice/Dal/Roti,180.0,36.0,9.0,0.0,1
SYN_lunch_2026-09-17,Thursday,lunch,13:50-13:55,53,44,918,725,54.0,18.0,,139.0,Rice/Dal/Roti,204.0,40.8,10.2,0.7,1
SYN_lunch_2026-09-17,Thursday,lunch,13:55-14:00,46,49,964,774,50.0,16.7,,140.0,Rice/Dal/Roti,200.0,40.0,10.0,0.0,1
SYN_lunch_2026-09-17,Thursday,lunch,14:00-14:05,0,45,964,819,50.0,16.7,,95.0,Rice/Dal/Roti,0.0,0.0,0.0,0.0,1
SYN_lunch_2026-09-17,Thursday,lunch,14:05-14:10,0,39,964,858,50.0,16.7,,56.0,Rice/Dal/Roti,0.0,0.0,0.0,0.0,1
SYN_lunch_2026-09-17,Thursday,lunch,14:10-14:15,0,48,964,906,50.0,16.7,,8.0,Rice/Dal/Roti,0.0,0.0,0.0,0.0,1
SYN_lunch_2026-09-17,Thursday,lunch,14:15-14:20,0,45,964,951,50.0,16.7,,0.0,Rice/Dal/Roti,0.0,0.0,0.0,0.0,1
SYN_lunch_2026-09-17,Thursday,lunch,14:20-14:25,0,12,964,963,50.0,16.7,,0.0,Rice/Dal/Roti,0.0,0.0,0.0,0.0,1
SYN_lunch_2026-09-17,Thursday,lunch,14:25-14:30,0,1,964,964,50.0,16.7,,0.0,Rice/Dal/Roti,0.0,0.0,0.0,0.0,1
SYN_dinner_2026-09-17,Thursday,dinner,19:30-19:35,4,0,4,0,0.0,0.0,,4.0,Roti/Sabzi,16.0,3.2,0.8,0.0,1
SYN_dinner_2026-09-17,Thursday,dinner,19:35-19:40,8,0,12,0,0.0,0.0,,12.0,Roti/Sabzi,36.0,7.2,1.8,0.0,1
SYN_dinner_2026-09-17,Thursday,dinner,19:40-19:45,6,0,18,0,0.0,0.0,,18.0,Roti/Sabzi,24.0,4.8,1.2,0.0,1
SYN_dinner_2026-09-17,Thursday,dinner,19:45-19:50,5,0,23,0,0.0,0.0,,23.0,Roti/Sabzi,20.0,4.0,1.0,0.0,1
SYN_dinner_2026-09-17,Thursday,dinner,19:50-19:55,4,3,27,3,0.0,0.0,,24.0,Roti/Sabzi,16.0,3.2,0.8,0.0,1
SYN_dinner_2026-09-17,Thursday,dinner,19:55-20:00,9,5,36,8,0.0,0.0,,28.0,Roti/Sabzi,36.0,7.2,1.8,0.0,1
SYN_dinner_2026-09-17,Thursday,dinner,20:00-20:05,35,6,71,14,0.0,0.0,,57.0,Roti/Sabzi,140.0,28.0,7.0,0.0,1
SYN_dinner_2026-09-17,Thursday,dinner,20:05-20:10,40,8,111,22,0.0,0.0,,89.0,Roti/Sabzi,160.0,32.0,8.0,0.0,1
SYN_dinner_2026-09-17,Thursday,dinner,20:10-20:15,35,7,146,29,0.0,0.0,,117.0,Roti/Sabzi,140.0,28.0,7.0,0.0,1
SYN_dinner_2026-09-17,Thursday,dinner,20:15-20:20,31,15,177,44,0.0,0.0,,133.0,Roti/Sabzi,124.0,24.8,6.2,0.0,1
SYN_dinner_2026-09-17,Thursday,dinner,20:20-20:25,37,28,214,72,0.0,0.0,,142.0,Roti/Sabzi,148.0,29.6,7.4,0.0,1
SYN_dinner_2026-09-17,Thursday,dinner,20:25-20:30,33,39,247,111,0.0,0.0,,136.0,Roti/Sabzi,132.0,26.4,6.6,0.0,1
SYN_dinner_2026-09-17,Thursday,dinner,20:30-20:35,32,38,279,149,0.0,0.0,,130.0,Roti/Sabzi,124.0,24.8,6.2,0.3,1
SYN_dinner_2026-09-17,Thursday,dinner,20:35-20:40,41,31,320,180,0.0,0.0,,140.0,Roti/Sabzi,168.0,33.6,8.4,0.0,1
SYN_dinner_2026-09-17,Thursday,dinner,20:40-20:45,40,33,360,213,0.0,0.0,,147.0,Roti/Sabzi,160.0,32.0,8.0,0.0,1
SYN_dinner_2026-09-17,Thursday,dinner,20:45-20:50,45,27,405,240,2.0,0.7,,163.0,Roti/Sabzi,168.0,33.6,8.4,1.0,1
SYN_dinner_2026-09-17,Thursday,dinner,20:50-20:55,35,45,440,285,3.0,1.0,,152.0,Roti/Sabzi,136.0,27.2,6.8,0.3,1
SYN_dinner_2026-09-17,Thursday,dinner,20:55-21:00,44,33,484,318,1.0,0.3,,165.0,Roti/Sabzi,184.0,36.8,9.2,0.0,1
SYN_dinner_2026-09-17,Thursday,dinner,21:00-21:05,31,42,515,360,0.0,0.0,,155.0,Roti/Sabzi,132.0,26.4,6.6,0.0,1
SYN_dinner_2026-09-17,Thursday,dinner,21:05-21:10,56,40,571,400,11.0,3.7,,160.0,Roti/Sabzi,176.0,35.2,8.8,4.0,1
SYN_dinner_2026-09-17,Thursday,dinner,21:10-21:15,66,35,637,435,32.0,10.7,,170.0,Roti/Sabzi,180.0,36.0,9.0,7.0,1
SYN_dinner_2026-09-17,Thursday,dinner,21:15-21:20,66,38,703,473,40.0,13.3,,190.0,Roti/Sabzi,232.0,46.4,11.6,2.7,1
SYN_dinner_2026-09-17,Thursday,dinner,21:20-21:25,40,46,743,519,14.0,4.7,,210.0,Roti/Sabzi,264.0,52.8,13.2,0.0,1
SYN_dinner_2026-09-17,Thursday,dinner,21:25-21:30,61,45,804,564,16.0,5.3,,224.0,Roti/Sabzi,236.0,47.2,11.8,0.7,1
SYN_dinner_2026-09-17,Thursday,dinner,21:30-21:35,55,47,859,611,7.0,2.3,,241.0,Roti/Sabzi,256.0,51.2,12.8,0.0,1
SYN_dinner_2026-09-17,Thursday,dinner,21:35-21:40,49,58,908,669,0.0,0.0,,239.0,Roti/Sabzi,228.0,45.6,11.4,0.0,1
SYN_dinner_2026-09-17,Thursday,dinner,21:40-21:45,13,56,921,725,0.0,0.0,,196.0,Roti/Sabzi,48.0,9.6,2.4,0.3,1
SYN_dinner_2026-09-17,Thursday,dinner,21:45-21:50,0,67,921,792,0.0,0.0,,129.0,Roti/Sabzi,0.0,0.0,0.0,0.0,1
SYN_dinner_2026-09-17,Thursday,dinner,21:50-21:55,0,63,921,855,0.0,0.0,,66.0,Roti/Sabzi,0.0,0.0,0.0,0.0,1
SYN_dinner_2026-09-17,Thursday,dinner,21:55-22:00,0,38,921,893,0.0,0.0,,28.0,Roti/Sabzi,0.0,0.0,0.0,0.0,1
SYN_dinner_2026-09-17,Thursday,dinner,22:00-22:05,0,22,921,915,0.0,0.0,,6.0,Roti/Sabzi,0.0,0.0,0.0,0.0,1
SYN_dinner_2026-09-17,Thursday,dinner,22:05-22:10,0,6,921,921,0.0,0.0,,0.0,Roti/Sabzi,0.0,0.0,0.0,0.0,1
SYN_breakfast_2026-09-18,Friday,breakfast,07:15-07:20,7,0,7,0,1.0,0.3,,6.0,Dosa,12.0,2.4,1.2,0.3,1
SYN_breakfast_2026-09-18,Friday,breakfast,07:20-07:25,3,0,10,0,0.0,1.0,,10.0,Dosa,8.0,1.6,0.8,1.0,1
SYN_breakfast_2026-09-18,Friday,breakfast,07:25-07:30,6,0,16,0,1.0,0.3,,15.0,Dosa,10.0,2.0,1.0,0.3,1
SYN_breakfast_2026-09-18,Friday,breakfast,07:30-07:35,7,1,23,1,1.0,0.3,,21.0,Dosa,14.0,2.8,1.4,0.0,1
SYN_breakfast_2026-09-18,Friday,breakfast,07:35-07:40,6,7,29,8,1.0,0.3,,20.0,Dosa,12.0,2.4,1.2,0.0,1
SYN_breakfast_2026-09-18,Friday,breakfast,07:40-07:45,7,4,36,12,2.0,0.7,,22.0,Dosa,12.0,2.4,1.2,0.3,1
SYN_breakfast_2026-09-18,Friday,breakfast,07:45-07:50,17,5,53,17,2.0,0.7,,34.0,Dosa,34.0,6.8,3.4,0.0,1
SYN_breakfast_2026-09-18,Friday,breakfast,07:50-07:55,13,2,66,19,1.0,0.3,,46.0,Dosa,28.0,5.6,2.8,0.0,1
SYN_breakfast_2026-09-18,Friday,breakfast,07:55-08:00,17,8,83,27,2.0,0.7,,54.0,Dosa,32.0,6.4,3.2,0.3,1
SYN_breakfast_2026-09-18,Friday,breakfast,08:00-08:05,16,8,99,35,2.0,0.7,,62.0,Dosa,32.0,6.4,3.2,0.0,1
SYN_breakfast_2026-09-18,Friday,breakfast,08:05-08:10,23,16,122,51,1.0,0.3,,70.0,Dosa,48.0,9.6,4.8,0.0,1
SYN_breakfast_2026-09-18,Friday,breakfast,08:10-08:15,17,15,139,66,0.0,0.0,,73.0,Dosa,36.0,7.2,3.6,0.0,1
SYN_breakfast_2026-09-18,Friday,breakfast,08:15-08:20,9,18,148,84,0.0,0.0,,64.0,Dosa,20.0,4.0,2.0,0.0,1
SYN_breakfast_2026-09-18,Friday,breakfast,08:20-08:25,28,16,176,100,0.0,0.0,,76.0,Dosa,56.0,11.2,5.6,0.0,1
SYN_breakfast_2026-09-18,Friday,breakfast,08:25-08:30,26,23,202,123,0.0,0.0,,79.0,Dosa,52.0,10.4,5.2,0.0,1
SYN_breakfast_2026-09-18,Friday,breakfast,08:30-08:35,38,12,240,135,5.0,1.7,,100.0,Dosa,64.0,12.8,6.4,2.0,1
SYN_breakfast_2026-09-18,Friday,breakfast,08:35-08:40,31,21,271,156,0.0,0.0,,115.0,Dosa,72.0,14.4,7.2,0.0,1
SYN_breakfast_2026-09-18,Friday,breakfast,08:40-08:45,61,25,332,181,13.0,4.3,,138.0,Dosa,96.0,19.2,9.6,4.3,1
SYN_breakfast_2026-09-18,Friday,breakfast,08:45-08:50,66,25,398,206,29.0,9.7,,163.0,Dosa,100.0,20.0,10.0,5.3,1
SYN_breakfast_2026-09-18,Friday,breakfast,08:50-08:55,56,33,454,239,85.0,28.3,,130.0,Dosa,0.0,0.0,0.0,18.7,1
SYN_breakfast_2026-09-18,Friday,breakfast,08:55-09:00,49,33,503,272,68.0,22.7,,163.0,Dosa,132.0,26.4,13.2,0.0,1
SYN_breakfast_2026-09-18,Friday,breakfast,09:00-09:05,38,52,541,324,59.0,19.7,,158.0,Dosa,94.0,18.8,9.4,0.0,1
SYN_breakfast_2026-09-18,Friday,breakfast,09:05-09:10,33,47,574,371,58.0,19.3,,145.0,Dosa,68.0,13.6,6.8,0.0,1
SYN_breakfast_2026-09-18,Friday,breakfast,09:10-09:15,17,55,591,426,59.0,19.7,,106.0,Dosa,32.0,6.4,3.2,0.3,1
SYN_breakfast_2026-09-18,Friday,breakfast,09:15-09:20,16,59,607,485,58.0,19.3,,64.0,Dosa,34.0,6.8,3.4,0.0,1
SYN_breakfast_2026-09-18,Friday,breakfast,09:20-09:25,6,49,613,534,58.0,19.3,,21.0,Dosa,12.0,2.4,1.2,0.0,1
SYN_breakfast_2026-09-18,Friday,breakfast,09:25-09:30,7,27,620,561,58.0,19.3,,1.0,Dosa,14.0,2.8,1.4,0.0,1
SYN_breakfast_2026-09-18,Friday,breakfast,09:30-09:35,0,26,620,587,58.0,19.3,,0.0,Dosa,0.0,0.0,0.0,0.0,1
SYN_breakfast_2026-09-18,Friday,breakfast,09:35-09:40,0,17,620,604,58.0,19.3,,0.0,Dosa,0.0,0.0,0.0,0.0,1
SYN_breakfast_2026-09-18,Friday,breakfast,09:40-09:45,0,11,620,615,58.0,19.3,,0.0,Dosa,0.0,0.0,0.0,0.0,1
SYN_breakfast_2026-09-18,Friday,breakfast,09:45-09:50,0,2,620,617,58.0,19.3,,0.0,Dosa,0.0,0.0,0.0,0.0,1
SYN_breakfast_2026-09-18,Friday,breakfast,09:50-09:55,0,3,620,620,58.0,19.3,,0.0,Dosa,0.0,0.0,0.0,0.0,1
SYN_lunch_2026-09-18,Friday,lunch,12:00-12:05,12,0,12,0,0.0,0.0,,12.0,Rice/Dal/Roti,48.0,9.6,2.4,0.0,1
SYN_lunch_2026-09-18,Friday,lunch,12:05-12:10,19,0,31,0,0.0,0.0,,31.0,Rice/Dal/Roti,76.0,15.2,3.8,0.0,1
SYN_lunch_2026-09-18,Friday,lunch,12:10-12:15,22,0,53,0,0.0,0.0,,53.0,Rice/Dal/Roti,88.0,17.6,4.4,0.0,1
SYN_lunch_2026-09-18,Friday,lunch,12:15-12:20,19,3,72,3,0.0,0.0,,69.0,Rice/Dal/Roti,76.0,15.2,3.8,0.0,1
SYN_lunch_2026-09-18,Friday,lunch,12:20-12:25,24,7,96,10,1.0,0.3,,85.0,Rice/Dal/Roti,92.0,18.4,4.6,0.3,1
SYN_lunch_2026-09-18,Friday,lunch,12:25-12:30,20,22,116,32,1.0,0.3,,83.0,Rice/Dal/Roti,80.0,16.0,4.0,0.0,1
SYN_lunch_2026-09-18,Friday,lunch,12:30-12:35,26,21,142,53,1.0,0.3,,88.0,Rice/Dal/Roti,104.0,20.8,5.2,0.0,1
SYN_lunch_2026-09-18,Friday,lunch,12:35-12:40,21,24,163,77,1.0,0.3,,85.0,Rice/Dal/Roti,84.0,16.8,4.2,0.0,1
SYN_lunch_2026-09-18,Friday,lunch,12:40-12:45,43,22,206,99,7.0,2.3,,100.0,Rice/Dal/Roti,148.0,29.6,7.4,2.0,1
SYN_lunch_2026-09-18,Friday,lunch,12:45-12:50,60,23,266,122,21.0,7.0,,123.0,Rice/Dal/Roti,184.0,36.8,9.2,4.7,1
SYN_lunch_2026-09-18,Friday,lunch,12:50-12:55,85,17,351,139,106.0,35.3,,106.0,Rice/Dal/Roti,0.0,0.0,0.0,28.3,1
SYN_lunch_2026-09-18,Friday,lunch,12:55-13:00,98,25,449,164,138.0,46.0,,147.0,Rice/Dal/Roti,264.0,52.8,13.2,10.7,1
SYN_lunch_2026-09-18,Friday,lunch,13:00-13:05,49,33,498,197,122.0,40.7,,179.0,Rice/Dal/Roti,260.0,52.0,13.0,0.0,1
SYN_lunch_2026-09-18,Friday,lunch,13:05-13:10,31,53,529,250,87.0,29.0,,192.0,Rice/Dal/Roti,264.0,52.8,13.2,0.0,1
SYN_lunch_2026-09-18,Friday,lunch,13:10-13:15,38,53,567,303,64.0,21.3,,200.0,Rice/Dal/Roti,244.0,48.8,12.2,0.0,1
SYN_lunch_2026-09-18,Friday,lunch,13:15-13:20,30,67,597,370,57.0,19.0,,170.0,Rice/Dal/Roti,148.0,29.6,7.4,0.0,1
SYN_lunch_2026-09-18,Friday,lunch,13:20-13:25,32,61,629,431,57.0,19.0,,141.0,Rice/Dal/Roti,128.0,25.6,6.4,0.0,1
SYN_lunch_2026-09-18,Friday,lunch,13:25-13:30,26,67,655,498,57.0,19.0,,100.0,Rice/Dal/Roti,104.0,20.8,5.2,0.0,1
SYN_lunch_2026-09-18,Friday,lunch,13:30-13:35,30,60,685,558,57.0,19.0,,70.0,Rice/Dal/Roti,120.0,24.0,6.0,0.0,1
SYN_lunch_2026-09-18,Friday,lunch,13:35-13:40,32,37,717,595,57.0,19.0,,65.0,Rice/Dal/Roti,128.0,25.6,6.4,0.0,1
SYN_lunch_2026-09-18,Friday,lunch,13:40-13:45,39,31,756,626,57.0,19.0,,73.0,Rice/Dal/Roti,156.0,31.2,7.8,0.0,1
SYN_lunch_2026-09-18,Friday,lunch,13:45-13:50,48,29,804,655,57.0,19.0,,92.0,Rice/Dal/Roti,192.0,38.4,9.6,0.0,1
SYN_lunch_2026-09-18,Friday,lunch,13:50-13:55,43,36,847,691,57.0,19.0,,99.0,Rice/Dal/Roti,172.0,34.4,8.6,0.0,1
SYN_lunch_2026-09-18,Friday,lunch,13:55-14:00,68,37,915,728,62.0,20.7,,125.0,Rice/Dal/Roti,252.0,50.4,12.6,1.7,1
SYN_lunch_2026-09-18,Friday,lunch,14:00-14:05,0,26,915,754,57.0,19.0,,104.0,Rice/Dal/Roti,20.0,4.0,1.0,0.0,1
SYN_lunch_2026-09-18,Friday,lunch,14:05-14:10,0,44,915,798,57.0,19.0,,60.0,Rice/Dal/Roti,0.0,0.0,0.0,0.0,1
SYN_lunch_2026-09-18,Friday,lunch,14:10-14:15,0,48,915,846,57.0,19.0,,12.0,Rice/Dal/Roti,0.0,0.0,0.0,0.0,1
SYN_lunch_2026-09-18,Friday,lunch,14:15-14:20,0,49,915,895,57.0,19.0,,0.0,Rice/Dal/Roti,0.0,0.0,0.0,0.0,1
SYN_lunch_2026-09-18,Friday,lunch,14:20-14:25,0,16,915,911,57.0,19.0,,0.0,Rice/Dal/Roti,0.0,0.0,0.0,0.0,1
SYN_lunch_2026-09-18,Friday,lunch,14:25-14:30,0,3,915,914,57.0,19.0,,0.0,Rice/Dal/Roti,0.0,0.0,0.0,0.0,1
SYN_lunch_2026-09-18,Friday,lunch,14:30-14:35,0,1,915,915,57.0,19.0,,0.0,Rice/Dal/Roti,0.0,0.0,0.0,0.0,1
SYN_dinner_2026-09-18,Friday,dinner,19:30-19:35,33,0,33,0,2.0,0.7,,31.0,Paneer + Roti (special),124.0,24.8,6.2,0.7,1
SYN_dinner_2026-09-18,Friday,dinner,19:35-19:40,38,0,71,0,6.0,2.0,,65.0,Paneer + Roti (special),136.0,27.2,6.8,1.3,1
SYN_dinner_2026-09-18,Friday,dinner,19:40-19:45,29,3,100,3,0.0,0.0,,97.0,Paneer + Roti (special),140.0,28.0,7.0,0.0,1
SYN_dinner_2026-09-18,Friday,dinner,19:45-19:50,20,3,120,6,0.0,0.0,,114.0,Paneer + Roti (special),80.0,16.0,4.0,0.0,1
SYN_dinner_2026-09-18,Friday,dinner,19:50-19:55,10,20,130,26,0.0,0.0,,104.0,Paneer + Roti (special),40.0,8.0,2.0,0.0,1
SYN_dinner_2026-09-18,Friday,dinner,19:55-20:00,2,36,132,62,0.0,1.0,,70.0,Paneer + Roti (special),8.0,1.6,0.4,1.0,1
SYN_dinner_2026-09-18,Friday,dinner,20:00-20:05,24,29,156,91,0.0,0.0,,65.0,Paneer + Roti (special),96.0,19.2,4.8,0.0,1
SYN_dinner_2026-09-18,Friday,dinner,20:05-20:10,17,26,173,117,0.0,0.0,,56.0,Paneer + Roti (special),68.0,13.6,3.4,0.0,1
SYN_dinner_2026-09-18,Friday,dinner,20:10-20:15,22,12,195,129,0.0,0.0,,66.0,Paneer + Roti (special),88.0,17.6,4.4,0.0,1
SYN_dinner_2026-09-18,Friday,dinner,20:15-20:20,32,10,227,139,1.0,0.3,,87.0,Paneer + Roti (special),124.0,24.8,6.2,0.3,1
SYN_dinner_2026-09-18,Friday,dinner,20:20-20:25,25,21,252,160,0.0,0.0,,92.0,Paneer + Roti (special),104.0,20.8,5.2,0.0,1
SYN_dinner_2026-09-18,Friday,dinner,20:25-20:30,27,16,279,176,3.0,1.0,,100.0,Paneer + Roti (special),96.0,19.2,4.8,1.0,1
SYN_dinner_2026-09-18,Friday,dinner,20:30-20:35,29,26,308,202,0.0,0.0,,106.0,Paneer + Roti (special),128.0,25.6,6.4,0.0,1
SYN_dinner_2026-09-18,Friday,dinner,20:35-20:40,28,26,336,228,0.0,0.0,,108.0,Paneer + Roti (special),112.0,22.4,5.6,0.0,1
SYN_dinner_2026-09-18,Friday,dinner,20:40-20:45,26,25,362,253,0.0,0.0,,109.0,Paneer + Roti (special),104.0,20.8,5.2,0.0,1
SYN_dinner_2026-09-18,Friday,dinner,20:45-20:50,22,25,384,278,0.0,0.0,,106.0,Paneer + Roti (special),88.0,17.6,4.4,0.0,1
SYN_dinner_2026-09-18,Friday,dinner,20:50-20:55,31,33,415,311,0.0,0.0,,104.0,Paneer + Roti (special),124.0,24.8,6.2,0.0,1
SYN_dinner_2026-09-18,Friday,dinner,20:55-21:00,24,30,439,341,0.0,0.0,,98.0,Paneer + Roti (special),96.0,19.2,4.8,0.0,1
SYN_dinner_2026-09-18,Friday,dinner,21:00-21:05,36,23,475,364,4.0,1.3,,107.0,Paneer + Roti (special),128.0,25.6,6.4,1.3,1
SYN_dinner_2026-09-18,Friday,dinner,21:05-21:10,22,29,497,393,0.0,0.0,,104.0,Paneer + Roti (special),104.0,20.8,5.2,0.0,1
SYN_dinner_2026-09-18,Friday,dinner,21:10-21:15,38,24,535,417,6.0,2.0,,112.0,Paneer + Roti (special),128.0,25.6,6.4,2.0,1
SYN_dinner_2026-09-18,Friday,dinner,21:15-21:20,40,24,575,441,8.0,2.7,,126.0,Paneer + Roti (special),152.0,30.4,7.6,0.7,1
SYN_dinner_2026-09-18,Friday,dinner,21:20-21:25,40,28,615,469,14.0,4.7,,132.0,Paneer + Roti (special),136.0,27.2,6.8,2.0,1
SYN_dinner_2026-09-18,Friday,dinner,21:25-21:30,49,35,664,504,28.0,9.3,,132.0,Paneer + Roti (special),140.0,28.0,7.0,4.7,1
SYN_dinner_2026-09-18,Friday,dinner,21:30-21:35,45,31,709,535,38.0,12.7,,136.0,Paneer + Roti (special),140.0,28.0,7.0,3.3,1
SYN_dinner_2026-09-18,Friday,dinner,21:35-21:40,42,30,751,565,45.0,15.0,,141.0,Paneer + Roti (special),140.0,28.0,7.0,2.3,1
SYN_dinner_2026-09-18,Friday,dinner,21:40-21:45,13,43,764,608,22.0,7.3,,134.0,Paneer + Roti (special),144.0,28.8,7.2,0.0,1
SYN_dinner_2026-09-18,Friday,dinner,21:45-21:50,0,27,764,635,0.0,0.0,,129.0,Paneer + Roti (special),88.0,17.6,4.4,0.0,1
SYN_dinner_2026-09-18,Friday,dinner,21:50-21:55,0,38,764,673,0.0,0.0,,91.0,Paneer + Roti (special),0.0,0.0,0.0,0.0,1
SYN_dinner_2026-09-18,Friday,dinner,21:55-22:00,0,28,764,701,0.0,0.0,,63.0,Paneer + Roti (special),0.0,0.0,0.0,0.0,1
SYN_dinner_2026-09-18,Friday,dinner,22:00-22:05,0,26,764,727,0.0,0.0,,37.0,Paneer + Roti (special),0.0,0.0,0.0,0.0,1
SYN_dinner_2026-09-18,Friday,dinner,22:05-22:10,0,32,764,759,0.0,0.0,,5.0,Paneer + Roti (special),0.0,0.0,0.0,0.0,1
SYN_dinner_2026-09-18,Friday,dinner,22:10-22:15,0,4,764,763,0.0,0.0,,1.0,Paneer + Roti (special),0.0,0.0,0.0,0.0,1
SYN_dinner_2026-09-18,Friday,dinner,22:15-22:20,0,1,764,764,0.0,0.0,,0.0,Paneer + Roti (special),0.0,0.0,0.0,0.0,1
SYN_breakfast_2026-09-21,Monday,breakfast,07:15-07:20,8,0,8,0,0.0,0.0,,8.0,Idli/Vada,24.0,4.8,1.6,0.0,1
SYN_breakfast_2026-09-21,Monday,breakfast,07:20-07:25,4,0,12,0,0.0,0.0,,12.0,Idli/Vada,12.0,2.4,0.8,0.0,1
SYN_breakfast_2026-09-21,Monday,breakfast,07:25-07:30,6,0,18,0,0.0,0.0,,18.0,Idli/Vada,18.0,3.6,1.2,0.0,1
SYN_breakfast_2026-09-21,Monday,breakfast,07:30-07:35,5,1,23,1,0.0,0.0,,22.0,Idli/Vada,15.0,3.0,1.0,0.0,1
SYN_breakfast_2026-09-21,Monday,breakfast,07:35-07:40,8,3,31,4,0.0,0.0,,27.0,Idli/Vada,24.0,4.8,1.6,0.0,1
SYN_breakfast_2026-09-21,Monday,breakfast,07:40-07:45,4,7,35,11,0.0,0.0,,24.0,Idli/Vada,12.0,2.4,0.8,0.0,1
SYN_breakfast_2026-09-21,Monday,breakfast,07:45-07:50,17,5,52,16,0.0,0.0,,36.0,Idli/Vada,54.0,10.8,3.6,0.0,1
SYN_breakfast_2026-09-21,Monday,breakfast,07:50-07:55,21,12,73,28,0.0,0.0,,45.0,Idli/Vada,63.0,12.6,4.2,0.0,1
SYN_breakfast_2026-09-21,Monday,breakfast,07:55-08:00,28,3,101,31,0.0,0.0,,70.0,Idli/Vada,84.0,16.8,5.6,0.0,1
SYN_breakfast_2026-09-21,Monday,breakfast,08:00-08:05,21,7,122,38,0.0,0.0,,84.0,Idli/Vada,63.0,12.6,4.2,0.0,1
SYN_breakfast_2026-09-21,Monday,breakfast,08:05-08:10,22,13,144,51,0.0,0.0,,93.0,Idli/Vada,63.0,12.6,4.2,0.3,1
SYN_breakfast_2026-09-21,Monday,breakfast,08:10-08:15,22,29,166,80,0.0,0.0,,86.0,Idli/Vada,69.0,13.8,4.6,0.0,1
SYN_breakfast_2026-09-21,Monday,breakfast,08:15-08:20,17,26,183,106,0.0,0.0,,77.0,Idli/Vada,51.0,10.2,3.4,0.0,1
SYN_breakfast_2026-09-21,Monday,breakfast,08:20-08:25,40,21,223,127,0.0,0.0,,96.0,Idli/Vada,120.0,24.0,8.0,0.0,1
SYN_breakfast_2026-09-21,Monday,breakfast,08:25-08:30,25,16,248,143,0.0,0.0,,105.0,Idli/Vada,75.0,15.0,5.0,0.0,1
SYN_breakfast_2026-09-21,Monday,breakfast,08:30-08:35,46,20,294,163,0.0,0.0,,131.0,Idli/Vada,138.0,27.6,9.2,0.0,1
SYN_breakfast_2026-09-21,Monday,breakfast,08:35-08:40,51,22,345,185,0.0,0.0,,160.0,Idli/Vada,153.0,30.6,10.2,0.0,1
SYN_breakfast_2026-09-21,Monday,breakfast,08:40-08:45,78,33,423,218,19.0,6.3,,186.0,Idli/Vada,174.0,34.8,11.6,6.7,1
SYN_breakfast_2026-09-21,Monday,breakfast,08:45-08:50,84,35,507,253,46.0,15.3,,208.0,Idli/Vada,171.0,34.2,11.4,9.0,1
SYN_breakfast_2026-09-21,Monday,breakfast,08:50-08:55,90,42,597,295,74.0,24.7,,228.0,Idli/Vada,186.0,37.2,12.4,9.3,1
SYN_breakfast_2026-09-21,Monday,breakfast,08:55-09:00,38,63,635,358,53.0,17.7,,224.0,Idli/Vada,177.0,35.4,11.8,0.0,1
SYN_breakfast_2026-09-21,Monday,breakfast,09:00-09:05,43,49,678,407,38.0,12.7,,233.0,Idli/Vada,174.0,34.8,11.6,0.0,1
SYN_breakfast_2026-09-21,Monday,breakfast,09:05-09:10,22,47,700,454,0.0,0.0,,246.0,Idli/Vada,180.0,36.0,12.0,0.0,1
SYN_breakfast_2026-09-21,Monday,breakfast,09:10-09:15,22,56,722,510,0.0,0.0,,212.0,Idli/Vada,66.0,13.2,4.4,0.0,1
SYN_breakfast_2026-09-21,Monday,breakfast,09:15-09:20,9,75,731,585,0.0,0.0,,146.0,Idli/Vada,27.0,5.4,1.8,0.0,1
SYN_breakfast_2026-09-21,Monday,breakfast,09:20-09:25,2,50,733,635,0.0,1.0,,98.0,Idli/Vada,6.0,1.2,0.4,1.0,1
SYN_breakfast_2026-09-21,Monday,breakfast,09:25-09:30,1,50,734,685,1.0,1.0,,48.0,Idli/Vada,0.0,0.0,0.0,1.0,1
SYN_breakfast_2026-09-21,Monday,breakfast,09:30-09:35,0,27,734,712,1.0,0.3,,21.0,Idli/Vada,0.0,0.0,0.0,0.0,1
SYN_breakfast_2026-09-21,Monday,breakfast,09:35-09:40,0,15,734,727,1.0,0.3,,6.0,Idli/Vada,0.0,0.0,0.0,0.0,1
SYN_breakfast_2026-09-21,Monday,breakfast,09:40-09:45,0,6,734,733,1.0,0.3,,0.0,Idli/Vada,0.0,0.0,0.0,0.0,1
SYN_breakfast_2026-09-21,Monday,breakfast,09:45-09:50,0,1,734,734,1.0,0.3,,0.0,Idli/Vada,0.0,0.0,0.0,0.0,1
SYN_lunch_2026-09-21,Monday,lunch,12:00-12:05,12,0,12,0,0.0,0.0,,12.0,Rice/Dal/Roti,48.0,9.6,2.4,0.0,1
SYN_lunch_2026-09-21,Monday,lunch,12:05-12:10,25,0,37,0,0.0,0.0,,37.0,Rice/Dal/Roti,100.0,20.0,5.0,0.0,1
SYN_lunch_2026-09-21,Monday,lunch,12:10-12:15,27,0,64,0,0.0,0.0,,64.0,Rice/Dal/Roti,108.0,21.6,5.4,0.0,1
SYN_lunch_2026-09-21,Monday,lunch,12:15-12:20,19,5,83,5,0.0,0.0,,78.0,Rice/Dal/Roti,76.0,15.2,3.8,0.0,1
SYN_lunch_2026-09-21,Monday,lunch,12:20-12:25,30,10,113,15,0.0,0.0,,98.0,Rice/Dal/Roti,120.0,24.0,6.0,0.0,1
SYN_lunch_2026-09-21,Monday,lunch,12:25-12:30,28,26,141,41,0.0,0.0,,100.0,Rice/Dal/Roti,112.0,22.4,5.6,0.0,1
SYN_lunch_2026-09-21,Monday,lunch,12:30-12:35,32,19,173,60,0.0,0.0,,113.0,Rice/Dal/Roti,128.0,25.6,6.4,0.0,1
SYN_lunch_2026-09-21,Monday,lunch,12:35-12:40,32,26,205,86,0.0,0.0,,119.0,Rice/Dal/Roti,128.0,25.6,6.4,0.0,1
SYN_lunch_2026-09-21,Monday,lunch,12:40-12:45,39,25,244,111,3.0,1.0,,130.0,Rice/Dal/Roti,144.0,28.8,7.2,1.0,1
SYN_lunch_2026-09-21,Monday,lunch,12:45-12:50,46,34,290,145,3.0,1.0,,142.0,Rice/Dal/Roti,184.0,36.8,9.2,0.0,1
SYN_lunch_2026-09-21,Monday,lunch,12:50-12:55,35,30,325,175,0.0,0.0,,150.0,Rice/Dal/Roti,152.0,30.4,7.6,0.0,1
SYN_lunch_2026-09-21,Monday,lunch,12:55-13:00,43,30,368,205,0.0,0.0,,163.0,Rice/Dal/Roti,176.0,35.2,8.8,0.0,1
SYN_lunch_2026-09-21,Monday,lunch,13:00-13:05,34,38,402,243,0.0,0.0,,159.0,Rice/Dal/Roti,136.0,27.2,6.8,0.0,1
SYN_lunch_2026-09-21,Monday,lunch,13:05-13:10,35,40,437,283,0.0,0.0,,154.0,Rice/Dal/Roti,140.0,28.0,7.0,0.0,1
SYN_lunch_2026-09-21,Monday,lunch,13:10-13:15,42,36,479,319,1.0,0.3,,159.0,Rice/Dal/Roti,160.0,32.0,8.0,0.7,1
SYN_lunch_2026-09-21,Monday,lunch,13:15-13:20,37,41,516,360,0.0,0.0,,156.0,Rice/Dal/Roti,152.0,30.4,7.6,0.0,1
SYN_lunch_2026-09-21,Monday,lunch,13:20-13:25,41,32,557,392,2.0,0.7,,163.0,Rice/Dal/Roti,156.0,31.2,7.8,0.7,1
SYN_lunch_2026-09-21,Monday,lunch,13:25-13:30,34,38,591,430,0.0,0.0,,161.0,Rice/Dal/Roti,148.0,29.6,7.4,0.0,1
SYN_lunch_2026-09-21,Monday,lunch,13:30-13:35,37,44,628,474,0.0,0.0,,154.0,Rice/Dal/Roti,148.0,29.6,7.4,0.0,1
SYN_lunch_2026-09-21,Monday,lunch,13:35-13:40,36,42,664,516,0.0,0.0,,148.0,Rice/Dal/Roti,144.0,28.8,7.2,0.0,1
SYN_lunch_2026-09-21,Monday,lunch,13:40-13:45,49,35,713,551,8.0,2.7,,154.0,Rice/Dal/Roti,160.0,32.0,8.0,3.0,1
SYN_lunch_2026-09-21,Monday,lunch,13:45-13:50,46,32,759,583,6.0,2.0,,170.0,Rice/Dal/Roti,192.0,38.4,9.6,0.0,1
SYN_lunch_2026-09-21,Monday,lunch,13:50-13:55,54,46,813,629,13.0,4.3,,171.0,Rice/Dal/Roti,188.0,37.6,9.4,2.3,1
SYN_lunch_2026-09-21,Monday,lunch,13:55-14:00,49,27,862,656,14.0,4.7,,192.0,Rice/Dal/Roti,192.0,38.4,9.6,0.3,1
SYN_lunch_2026-09-21,Monday,lunch,14:00-14:05,0,47,862,703,0.0,0.0,,159.0,Rice/Dal/Roti,60.0,12.0,3.0,0.0,1
SYN_lunch_2026-09-21,Monday,lunch,14:05-14:10,0,44,862,747,0.0,0.0,,115.0,Rice/Dal/Roti,0.0,0.0,0.0,0.0,1
SYN_lunch_2026-09-21,Monday,lunch,14:10-14:15,0,58,862,805,0.0,0.0,,57.0,Rice/Dal/Roti,0.0,0.0,0.0,0.0,1
SYN_lunch_2026-09-21,Monday,lunch,14:15-14:20,0,32,862,837,0.0,0.0,,25.0,Rice/Dal/Roti,0.0,0.0,0.0,0.0,1
SYN_lunch_2026-09-21,Monday,lunch,14:20-14:25,0,20,862,857,0.0,0.0,,5.0,Rice/Dal/Roti,0.0,0.0,0.0,0.0,1
SYN_lunch_2026-09-21,Monday,lunch,14:25-14:30,0,5,862,862,0.0,0.0,,0.0,Rice/Dal/Roti,0.0,0.0,0.0,0.0,1
SYN_dinner_2026-09-21,Monday,dinner,19:30-19:35,5,0,5,0,0.0,0.0,,5.0,Roti/Sabzi,20.0,4.0,1.0,0.0,1
SYN_dinner_2026-09-21,Monday,dinner,19:35-19:40,4,0,9,0,4.0,1.3,,5.0,Roti/Sabzi,0.0,0.0,0.0,1.3,1
SYN_dinner_2026-09-21,Monday,dinner,19:40-19:45,4,0,13,0,5.0,1.7,,8.0,Roti/Sabzi,12.0,2.4,0.6,0.3,1
SYN_dinner_2026-09-21,Monday,dinner,19:45-19:50,5,0,18,0,5.0,1.7,,13.0,Roti/Sabzi,20.0,4.0,1.0,0.0,1
SYN_dinner_2026-09-21,Monday,dinner,19:50-19:55,3,5,21,5,4.0,1.3,,12.0,Roti/Sabzi,16.0,3.2,0.8,1.0,1
SYN_dinner_2026-09-21,Monday,dinner,19:55-20:00,1,4,22,9,4.0,1.3,,9.0,Roti/Sabzi,4.0,0.8,0.2,1.0,1
SYN_dinner_2026-09-21,Monday,dinner,20:00-20:05,32,7,54,16,4.0,1.3,,34.0,Roti/Sabzi,128.0,25.6,6.4,0.0,1
SYN_dinner_2026-09-21,Monday,dinner,20:05-20:10,34,2,88,18,4.0,1.3,,66.0,Roti/Sabzi,136.0,27.2,6.8,0.0,1
SYN_dinner_2026-09-21,Monday,dinner,20:10-20:15,41,4,129,22,4.0,1.3,,103.0,Roti/Sabzi,164.0,32.8,8.2,0.0,1
SYN_dinner_2026-09-21,Monday,dinner,20:15-20:20,42,14,171,36,4.0,1.3,,131.0,Roti/Sabzi,168.0,33.6,8.4,0.0,1
SYN_dinner_2026-09-21,Monday,dinner,20:20-20:25,47,23,218,59,3.0,1.0,,156.0,Roti/Sabzi,192.0,38.4,9.6,0.0,1
SYN_dinner_2026-09-21,Monday,dinner,20:25-20:30,39,31,257,90,3.0,1.0,,164.0,Roti/Sabzi,156.0,31.2,7.8,0.0,1
SYN_dinner_2026-09-21,Monday,dinner,20:30-20:35,37,40,294,130,3.0,1.0,,161.0,Roti/Sabzi,148.0,29.6,7.4,0.0,1
SYN_dinner_2026-09-21,Monday,dinner,20:35-20:40,37,40,331,170,3.0,1.0,,158.0,Roti/Sabzi,148.0,29.6,7.4,0.0,1
SYN_dinner_2026-09-21,Monday,dinner,20:40-20:45,42,35,373,205,7.0,2.3,,161.0,Roti/Sabzi,152.0,30.4,7.6,1.3,1
SYN_dinner_2026-09-21,Monday,dinner,20:45-20:50,20,47,393,252,3.0,1.0,,138.0,Roti/Sabzi,96.0,19.2,4.8,0.0,1
SYN_dinner_2026-09-21,Monday,dinner,20:50-20:55,29,40,422,292,3.0,1.0,,127.0,Roti/Sabzi,116.0,23.2,5.8,0.0,1
SYN_dinner_2026-09-21,Monday,dinner,20:55-21:00,31,33,453,325,3.0,1.0,,125.0,Roti/Sabzi,124.0,24.8,6.2,0.0,1
SYN_dinner_2026-09-21,Monday,dinner,21:00-21:05,27,41,480,366,3.0,1.0,,111.0,Roti/Sabzi,108.0,21.6,5.4,0.0,1
SYN_dinner_2026-09-21,Monday,dinner,21:05-21:10,37,36,517,402,5.0,1.7,,110.0,Roti/Sabzi,140.0,28.0,7.0,0.7,1
SYN_dinner_2026-09-21,Monday,dinner,21:10-21:15,31,19,548,421,3.0,1.0,,124.0,Roti/Sabzi,132.0,26.4,6.6,0.0,1
SYN_dinner_2026-09-21,Monday,dinner,21:15-21:20,47,29,595,450,12.0,4.0,,133.0,Roti/Sabzi,152.0,30.4,7.6,3.0,1
SYN_dinner_2026-09-21,Monday,dinner,21:20-21:25,39,28,634,478,4.0,1.3,,152.0,Roti/Sabzi,188.0,37.6,9.4,0.0,1
SYN_dinner_2026-09-21,Monday,dinner,21:25-21:30,30,36,664,514,2.0,0.7,,148.0,Roti/Sabzi,128.0,25.6,6.4,0.0,1
SYN_dinner_2026-09-21,Monday,dinner,21:30-21:35,40,37,704,551,2.0,0.7,,151.0,Roti/Sabzi,160.0,32.0,8.0,0.0,1
SYN_dinner_2026-09-21,Monday,dinner,21:35-21:40,31,40,735,591,2.0,0.7,,142.0,Roti/Sabzi,124.0,24.8,6.2,0.0,1
SYN_dinner_2026-09-21,Monday,dinner,21:40-21:45,18,42,753,633,2.0,0.7,,118.0,Roti/Sabzi,72.0,14.4,3.6,0.0,1
SYN_dinner_2026-09-21,Monday,dinner,21:45-21:50,0,38,753,671,2.0,0.7,,80.0,Roti/Sabzi,0.0,0.0,0.0,0.0,1
SYN_dinner_2026-09-21,Monday,dinner,21:50-21:55,0,29,753,700,2.0,0.7,,51.0,Roti/Sabzi,0.0,0.0,0.0,0.0,1
SYN_dinner_2026-09-21,Monday,dinner,21:55-22:00,0,30,753,730,2.0,0.7,,21.0,Roti/Sabzi,0.0,0.0,0.0,0.0,1
SYN_dinner_2026-09-21,Monday,dinner,22:00-22:05,0,13,753,743,2.0,0.7,,8.0,Roti/Sabzi,0.0,0.0,0.0,0.0,1
SYN_dinner_2026-09-21,Monday,dinner,22:05-22:10,0,9,753,752,2.0,0.7,,0.0,Roti/Sabzi,0.0,0.0,0.0,0.0,1
SYN_dinner_2026-09-21,Monday,dinner,22:10-22:15,0,1,753,753,2.0,0.7,,0.0,Roti/Sabzi,0.0,0.0,0.0,0.0,1
SYN_breakfast_2026-09-22,Tuesday,breakfast,07:15-07:20,9,0,9,0,1.0,0.3,,8.0,Aloo Paratha,16.0,3.2,1.6,0.3,1
SYN_breakfast_2026-09-22,Tuesday,breakfast,07:20-07:25,3,0,12,0,1.0,1.0,,11.0,Aloo Paratha,6.0,1.2,0.6,1.0,1
SYN_breakfast_2026-09-22,Tuesday,breakfast,07:25-07:30,9,0,21,0,1.0,0.3,,20.0,Aloo Paratha,18.0,3.6,1.8,0.0,1
SYN_breakfast_2026-09-22,Tuesday,breakfast,07:30-07:35,5,3,26,3,0.0,0.0,,23.0,Aloo Paratha,12.0,2.4,1.2,0.0,1
SYN_breakfast_2026-09-22,Tuesday,breakfast,07:35-07:40,11,7,37,10,1.0,0.3,,26.0,Aloo Paratha,20.0,4.0,2.0,0.3,1
SYN_breakfast_2026-09-22,Tuesday,breakfast,07:40-07:45,5,3,42,13,1.0,0.3,,28.0,Aloo Paratha,10.0,2.0,1.0,0.0,1
SYN_breakfast_2026-09-22,Tuesday,breakfast,07:45-07:50,17,8,59,21,2.0,0.7,,36.0,Aloo Paratha,32.0,6.4,3.2,0.3,1
SYN_breakfast_2026-09-22,Tuesday,breakfast,07:50-07:55,19,6,78,27,3.0,1.0,,48.0,Aloo Paratha,36.0,7.2,3.6,0.3,1
SYN_breakfast_2026-09-22,Tuesday,breakfast,07:55-08:00,23,10,101,37,3.0,1.0,,61.0,Aloo Paratha,46.0,9.2,4.6,0.0,1
SYN_breakfast_2026-09-22,Tuesday,breakfast,08:00-08:05,26,8,127,45,3.0,1.0,,79.0,Aloo Paratha,52.0,10.4,5.2,0.0,1
SYN_breakfast_2026-09-22,Tuesday,breakfast,08:05-08:10,20,13,147,58,3.0,1.0,,86.0,Aloo Paratha,40.0,8.0,4.0,0.0,1
SYN_breakfast_2026-09-22,Tuesday,breakfast,08:10-08:15,31,19,178,77,3.0,1.0,,98.0,Aloo Paratha,62.0,12.4,6.2,0.0,1
SYN_breakfast_2026-09-22,Tuesday,breakfast,08:15-08:20,26,26,204,103,3.0,1.0,,98.0,Aloo Paratha,52.0,10.4,5.2,0.0,1
SYN_breakfast_2026-09-22,Tuesday,breakfast,08:20-08:25,32,27,236,130,3.0,1.0,,103.0,Aloo Paratha,64.0,12.8,6.4,0.0,1
SYN_breakfast_2026-09-22,Tuesday,breakfast,08:25-08:30,36,21,272,151,3.0,1.0,,118.0,Aloo Paratha,72.0,14.4,7.2,0.0,1
SYN_breakfast_2026-09-22,Tuesday,breakfast,08:30-08:35,37,27,309,178,3.0,1.0,,128.0,Aloo Paratha,74.0,14.8,7.4,0.0,1
SYN_breakfast_2026-09-22,Tuesday,breakfast,08:35-08:40,41,21,350,199,4.0,1.3,,147.0,Aloo Paratha,80.0,16.0,8.0,0.3,1
SYN_breakfast_2026-09-22,Tuesday,breakfast,08:40-08:45,62,42,412,241,18.0,6.0,,153.0,Aloo Paratha,96.0,19.2,9.6,4.7,1
SYN_breakfast_2026-09-22,Tuesday,breakfast,08:45-08:50,78,29,490,270,48.0,16.0,,172.0,Aloo Paratha,96.0,19.2,9.6,10.0,1
SYN_breakfast_2026-09-22,Tuesday,breakfast,08:50-08:55,87,31,577,301,88.0,29.3,,188.0,Aloo Paratha,94.0,18.8,9.4,13.3,1
SYN_breakfast_2026-09-22,Tuesday,breakfast,08:55-09:00,63,49,640,350,105.0,35.0,,185.0,Aloo Paratha,92.0,18.4,9.2,5.7,1
SYN_breakfast_2026-09-22,Tuesday,breakfast,09:00-09:05,60,47,700,397,115.0,38.3,,188.0,Aloo Paratha,100.0,20.0,10.0,3.3,1
SYN_breakfast_2026-09-22,Tuesday,breakfast,09:05-09:10,39,44,739,441,104.0,34.7,,194.0,Aloo Paratha,100.0,20.0,10.0,0.0,1
SYN_breakfast_2026-09-22,Tuesday,breakfast,09:10-09:15,19,48,758,489,77.0,25.7,,192.0,Aloo Paratha,92.0,18.4,9.2,0.0,1
SYN_breakfast_2026-09-22,Tuesday,breakfast,09:15-09:20,15,50,773,539,44.0,14.7,,190.0,Aloo Paratha,96.0,19.2,9.6,0.0,1
SYN_breakfast_2026-09-22,Tuesday,breakfast,09:20-09:25,7,44,780,583,1.0,0.3,,196.0,Aloo Paratha,100.0,20.0,10.0,0.0,1
SYN_breakfast_2026-09-22,Tuesday,breakfast,09:25-09:30,2,51,782,634,1.0,1.0,,147.0,Aloo Paratha,4.0,0.8,0.4,1.0,1
SYN_breakfast_2026-09-22,Tuesday,breakfast,09:30-09:35,0,51,782,685,1.0,0.3,,96.0,Aloo Paratha,0.0,0.0,0.0,0.0,1
SYN_breakfast_2026-09-22,Tuesday,breakfast,09:35-09:40,0,49,782,734,1.0,0.3,,47.0,Aloo Paratha,0.0,0.0,0.0,0.0,1
SYN_breakfast_2026-09-22,Tuesday,breakfast,09:40-09:45,0,31,782,765,1.0,0.3,,16.0,Aloo Paratha,0.0,0.0,0.0,0.0,1
SYN_breakfast_2026-09-22,Tuesday,breakfast,09:45-09:50,0,12,782,777,1.0,0.3,,4.0,Aloo Paratha,0.0,0.0,0.0,0.0,1
SYN_breakfast_2026-09-22,Tuesday,breakfast,09:50-09:55,0,5,782,782,1.0,0.3,,0.0,Aloo Paratha,0.0,0.0,0.0,0.0,1
SYN_lunch_2026-09-22,Tuesday,lunch,12:00-12:05,25,0,25,0,0.0,0.0,,25.0,Rice/Dal/Roti,100.0,20.0,5.0,0.0,1
SYN_lunch_2026-09-22,Tuesday,lunch,12:05-12:10,25,0,50,0,0.0,0.0,,50.0,Rice/Dal/Roti,100.0,20.0,5.0,0.0,1
SYN_lunch_2026-09-22,Tuesday,lunch,12:10-12:15,15,0,65,0,0.0,0.0,,65.0,Rice/Dal/Roti,60.0,12.0,3.0,0.0,1
SYN_lunch_2026-09-22,Tuesday,lunch,12:15-12:20,21,2,86,2,0.0,0.0,,84.0,Rice/Dal/Roti,84.0,16.8,4.2,0.0,1
SYN_lunch_2026-09-22,Tuesday,lunch,12:20-12:25,25,19,111,21,0.0,0.0,,90.0,Rice/Dal/Roti,100.0,20.0,5.0,0.0,1
SYN_lunch_2026-09-22,Tuesday,lunch,12:25-12:30,29,22,140,43,29.0,9.7,,68.0,Rice/Dal/Roti,0.0,0.0,0.0,9.7,1
SYN_lunch_2026-09-22,Tuesday,lunch,12:30-12:35,27,24,167,67,29.0,9.7,,71.0,Rice/Dal/Roti,108.0,21.6,5.4,0.0,1
SYN_lunch_2026-09-22,Tuesday,lunch,12:35-12:40,30,22,197,89,29.0,9.7,,79.0,Rice/Dal/Roti,120.0,24.0,6.0,0.0,1
SYN_lunch_2026-09-22,Tuesday,lunch,12:40-12:45,44,26,241,115,29.0,9.7,,97.0,Rice/Dal/Roti,176.0,35.2,8.8,0.0,1
SYN_lunch_2026-09-22,Tuesday,lunch,12:45-12:50,39,26,280,141,29.0,9.7,,110.0,Rice/Dal/Roti,156.0,31.2,7.8,0.0,1
SYN_lunch_2026-09-22,Tuesday,lunch,12:50-12:55,33,24,313,165,29.0,9.7,,119.0,Rice/Dal/Roti,132.0,26.4,6.6,0.0,1
SYN_lunch_2026-09-22,Tuesday,lunch,12:55-13:00,38,34,351,199,29.0,9.7,,123.0,Rice/Dal/Roti,152.0,30.4,7.6,0.0,1
SYN_lunch_2026-09-22,Tuesday,lunch,13:00-13:05,35,37,386,236,29.0,9.7,,121.0,Rice/Dal/Roti,140.0,28.0,7.0,0.0,1
SYN_lunch_2026-09-22,Tuesday,lunch,13:05-13:10,31,45,417,281,60.0,20.0,,76.0,Rice/Dal/Roti,0.0,0.0,0.0,10.3,1
SYN_lunch_2026-09-22,Tuesday,lunch,13:10-13:15,28,33,445,314,60.0,20.0,,71.0,Rice/Dal/Roti,112.0,22.4,5.6,0.0,1
SYN_lunch_2026-09-22,Tuesday,lunch,13:15-13:20,36,40,481,354,60.0,20.0,,67.0,Rice/Dal/Roti,144.0,28.8,7.2,0.0,1
SYN_lunch_2026-09-22,Tuesday,lunch,13:20-13:25,26,33,507,387,60.0,20.0,,60.0,Rice/Dal/Roti,104.0,20.8,5.2,0.0,1
SYN_lunch_2026-09-22,Tuesday,lunch,13:25-13:30,52,32,559,419,63.0,21.0,,77.0,Rice/Dal/Roti,196.0,39.2,9.8,1.0,1
SYN_lunch_2026-09-22,Tuesday,lunch,13:30-13:35,32,27,591,446,60.0,20.0,,85.0,Rice/Dal/Roti,140.0,28.0,7.0,0.0,1
SYN_lunch_2026-09-22,Tuesday,lunch,13:35-13:40,34,28,625,474,60.0,20.0,,91.0,Rice/Dal/Roti,136.0,27.2,6.8,0.0,1
SYN_lunch_2026-09-22,Tuesday,lunch,13:40-13:45,44,38,669,512,63.0,21.0,,94.0,Rice/Dal/Roti,164.0,32.8,8.2,1.0,1
SYN_lunch_2026-09-22,Tuesday,lunch,13:45-13:50,58,37,727,549,73.0,24.3,,105.0,Rice/Dal/Roti,192.0,38.4,9.6,3.3,1
SYN_lunch_2026-09-22,Tuesday,lunch,13:50-13:55,58,46,785,595,83.0,27.7,,107.0,Rice/Dal/Roti,192.0,38.4,9.6,3.3,1
SYN_lunch_2026-09-22,Tuesday,lunch,13:55-14:00,57,34,842,629,94.0,31.3,,119.0,Rice/Dal/Roti,184.0,36.8,9.2,3.7,1
SYN_lunch_2026-09-22,Tuesday,lunch,14:00-14:05,0,41,842,670,60.0,20.0,,112.0,Rice/Dal/Roti,136.0,27.2,6.8,0.0,1
SYN_lunch_2026-09-22,Tuesday,lunch,14:05-14:10,0,56,842,726,60.0,20.0,,56.0,Rice/Dal/Roti,0.0,0.0,0.0,0.0,1
SYN_lunch_2026-09-22,Tuesday,lunch,14:10-14:15,0,35,842,761,60.0,20.0,,21.0,Rice/Dal/Roti,0.0,0.0,0.0,0.0,1
SYN_lunch_2026-09-22,Tuesday,lunch,14:15-14:20,0,40,842,801,60.0,20.0,,0.0,Rice/Dal/Roti,0.0,0.0,0.0,0.0,1
SYN_lunch_2026-09-22,Tuesday,lunch,14:20-14:25,0,28,842,829,60.0,20.0,,0.0,Rice/Dal/Roti,0.0,0.0,0.0,0.0,1
SYN_lunch_2026-09-22,Tuesday,lunch,14:25-14:30,0,12,842,841,60.0,20.0,,0.0,Rice/Dal/Roti,0.0,0.0,0.0,0.0,1
SYN_lunch_2026-09-22,Tuesday,lunch,14:30-14:35,0,1,842,842,60.0,20.0,,0.0,Rice/Dal/Roti,0.0,0.0,0.0,0.0,1
SYN_dinner_2026-09-22,Tuesday,dinner,19:30-19:35,4,0,4,0,1.0,0.3,,3.0,Roti/Sabzi,12.0,2.4,0.6,0.3,1
SYN_dinner_2026-09-22,Tuesday,dinner,19:35-19:40,4,0,8,0,1.0,0.3,,7.0,Roti/Sabzi,16.0,3.2,0.8,0.0,1
SYN_dinner_2026-09-22,Tuesday,dinner,19:40-19:45,1,0,9,0,1.0,1.0,,8.0,Roti/Sabzi,4.0,0.8,0.2,1.0,1
SYN_dinner_2026-09-22,Tuesday,dinner,19:45-19:50,5,0,14,0,1.0,0.3,,13.0,Roti/Sabzi,20.0,4.0,1.0,0.0,1
SYN_dinner_2026-09-22,Tuesday,dinner,19:50-19:55,6,2,20,2,7.0,2.3,,11.0,Roti/Sabzi,0.0,0.0,0.0,2.0,1
SYN_dinner_2026-09-22,Tuesday,dinner,19:55-20:00,6,5,26,7,13.0,4.3,,6.0,Roti/Sabzi,0.0,0.0,0.0,2.0,1
SYN_dinner_2026-09-22,Tuesday,dinner,20:00-20:05,38,4,64,11,13.0,4.3,,40.0,Roti/Sabzi,152.0,30.4,7.6,0.0,1
SYN_dinner_2026-09-22,Tuesday,dinner,20:05-20:10,43,3,107,14,15.0,5.0,,78.0,Roti/Sabzi,164.0,32.8,8.2,0.7,1
SYN_dinner_2026-09-22,Tuesday,dinner,20:10-20:15,16,5,123,19,13.0,4.3,,91.0,Roti/Sabzi,72.0,14.4,3.6,0.0,1
SYN_dinner_2026-09-22,Tuesday,dinner,20:15-20:20,43,16,166,35,14.0,4.7,,117.0,Roti/Sabzi,168.0,33.6,8.4,0.3,1
SYN_dinner_2026-09-22,Tuesday,dinner,20:20-20:25,24,25,190,60,14.0,4.7,,116.0,Roti/Sabzi,96.0,19.2,4.8,0.0,1
SYN_dinner_2026-09-22,Tuesday,dinner,20:25-20:30,25,34,215,94,14.0,4.7,,107.0,Roti/Sabzi,100.0,20.0,5.0,0.0,1
SYN_dinner_2026-09-22,Tuesday,dinner,20:30-20:35,28,39,243,133,14.0,4.7,,96.0,Roti/Sabzi,112.0,22.4,5.6,0.0,1
SYN_dinner_2026-09-22,Tuesday,dinner,20:35-20:40,26,31,269,164,14.0,4.7,,91.0,Roti/Sabzi,104.0,20.8,5.2,0.0,1
SYN_dinner_2026-09-22,Tuesday,dinner,20:40-20:45,37,30,306,194,14.0,4.7,,98.0,Roti/Sabzi,148.0,29.6,7.4,0.0,1
SYN_dinner_2026-09-22,Tuesday,dinner,20:45-20:50,27,30,333,224,14.0,4.7,,95.0,Roti/Sabzi,108.0,21.6,5.4,0.0,1
SYN_dinner_2026-09-22,Tuesday,dinner,20:50-20:55,30,23,363,247,14.0,4.7,,102.0,Roti/Sabzi,120.0,24.0,6.0,0.0,1
SYN_dinner_2026-09-22,Tuesday,dinner,20:55-21:00,31,24,394,271,14.0,4.7,,109.0,Roti/Sabzi,124.0,24.8,6.2,0.0,1
SYN_dinner_2026-09-22,Tuesday,dinner,21:00-21:05,28,26,422,297,14.0,4.7,,111.0,Roti/Sabzi,112.0,22.4,5.6,0.0,1
SYN_dinner_2026-09-22,Tuesday,dinner,21:05-21:10,51,41,473,338,21.0,7.0,,114.0,Roti/Sabzi,176.0,35.2,8.8,2.3,1
SYN_dinner_2026-09-22,Tuesday,dinner,21:10-21:15,50,23,523,361,26.0,8.7,,136.0,Roti/Sabzi,180.0,36.0,9.0,1.7,1
SYN_dinner_2026-09-22,Tuesday,dinner,21:15-21:20,51,29,574,390,32.0,10.7,,152.0,Roti/Sabzi,180.0,36.0,9.0,2.0,1
SYN_dinner_2026-09-22,Tuesday,dinner,21:20-21:25,46,34,620,424,35.0,11.7,,161.0,Roti/Sabzi,172.0,34.4,8.6,1.0,1
SYN_dinner_2026-09-22,Tuesday,dinner,21:25-21:30,41,40,661,464,31.0,10.3,,166.0,Roti/Sabzi,180.0,36.0,9.0,0.0,1
SYN_dinner_2026-09-22,Tuesday,dinner,21:30-21:35,31,50,692,514,16.0,5.3,,162.0,Roti/Sabzi,184.0,36.8,9.2,0.0,1
SYN_dinner_2026-09-22,Tuesday,dinner,21:35-21:40,31,42,723,556,14.0,4.7,,153.0,Roti/Sabzi,132.0,26.4,6.6,0.0,1
SYN_dinner_2026-09-22,Tuesday,dinner,21:40-21:45,18,46,741,602,14.0,4.7,,125.0,Roti/Sabzi,72.0,14.4,3.6,0.0,1
SYN_dinner_2026-09-22,Tuesday,dinner,21:45-21:50,0,44,741,646,14.0,4.7,,81.0,Roti/Sabzi,0.0,0.0,0.0,0.0,1
SYN_dinner_2026-09-22,Tuesday,dinner,21:50-21:55,0,33,741,679,14.0,4.7,,48.0,Roti/Sabzi,0.0,0.0,0.0,0.0,1
SYN_dinner_2026-09-22,Tuesday,dinner,21:55-22:00,0,35,741,714,14.0,4.7,,13.0,Roti/Sabzi,0.0,0.0,0.0,0.0,1
SYN_dinner_2026-09-22,Tuesday,dinner,22:00-22:05,0,18,741,732,14.0,4.7,,0.0,Roti/Sabzi,0.0,0.0,0.0,0.0,1
SYN_dinner_2026-09-22,Tuesday,dinner,22:05-22:10,0,9,741,741,14.0,4.7,,0.0,Roti/Sabzi,0.0,0.0,0.0,0.0,1
SYN_breakfast_2026-09-23,Wednesday,breakfast,07:15-07:20,4,0,4,0,0.0,0.0,,4.0,Dosa,8.0,1.6,0.8,0.0,1
SYN_breakfast_2026-09-23,Wednesday,breakfast,07:20-07:25,7,0,11,0,1.0,0.3,,10.0,Dosa,12.0,2.4,1.2,0.3,1
SYN_breakfast_2026-09-23,Wednesday,breakfast,07:25-07:30,8,0,19,0,1.0,0.3,,18.0,Dosa,16.0,3.2,1.6,0.0,1
SYN_breakfast_2026-09-23,Wednesday,breakfast,07:30-07:35,5,2,24,2,6.0,2.0,,16.0,Dosa,0.0,0.0,0.0,1.7,1
SYN_breakfast_2026-09-23,Wednesday,breakfast,07:35-07:40,3,4,27,6,6.0,2.0,,15.0,Dosa,6.0,1.2,0.6,1.0,1
SYN_breakfast_2026-09-23,Wednesday,breakfast,07:40-07:45,5,6,32,12,6.0,2.0,,14.0,Dosa,10.0,2.0,1.0,0.0,1
SYN_breakfast_2026-09-23,Wednesday,breakfast,07:45-07:50,13,5,45,17,5.0,1.7,,23.0,Dosa,28.0,5.6,2.8,0.0,1
SYN_breakfast_2026-09-23,Wednesday,breakfast,07:50-07:55,29,8,74,25,6.0,2.0,,43.0,Dosa,56.0,11.2,5.6,0.3,1
SYN_breakfast_2026-09-23,Wednesday,breakfast,07:55-08:00,18,3,92,28,6.0,2.0,,58.0,Dosa,36.0,7.2,3.6,0.0,1
SYN_breakfast_2026-09-23,Wednesday,breakfast,08:00-08:05,19,9,111,37,6.0,2.0,,68.0,Dosa,38.0,7.6,3.8,0.0,1
SYN_breakfast_2026-09-23,Wednesday,breakfast,08:05-08:10,19,13,130,50,5.0,1.7,,75.0,Dosa,40.0,8.0,4.0,0.0,1
SYN_breakfast_2026-09-23,Wednesday,breakfast,08:10-08:15,16,21,146,71,5.0,1.7,,70.0,Dosa,32.0,6.4,3.2,0.0,1
SYN_breakfast_2026-09-23,Wednesday,breakfast,08:15-08:20,26,20,172,91,5.0,1.7,,76.0,Dosa,52.0,10.4,5.2,0.0,1
SYN_breakfast_2026-09-23,Wednesday,breakfast,08:20-08:25,30,18,202,109,6.0,2.0,,87.0,Dosa,58.0,11.6,5.8,0.3,1
SYN_breakfast_2026-09-23,Wednesday,breakfast,08:25-08:30,20,17,222,126,6.0,2.0,,90.0,Dosa,40.0,8.0,4.0,0.0,1
SYN_breakfast_2026-09-23,Wednesday,breakfast,08:30-08:35,31,25,253,151,7.0,2.3,,95.0,Dosa,60.0,12.0,6.0,0.3,1
SYN_breakfast_2026-09-23,Wednesday,breakfast,08:35-08:40,55,21,308,172,14.0,4.7,,122.0,Dosa,96.0,19.2,9.6,2.3,1
SYN_breakfast_2026-09-23,Wednesday,breakfast,08:40-08:45,62,28,370,200,24.0,8.0,,146.0,Dosa,104.0,20.8,10.4,3.3,1
SYN_breakfast_2026-09-23,Wednesday,breakfast,08:45-08:50,72,23,442,223,42.0,14.0,,177.0,Dosa,108.0,21.6,10.8,6.0,1
SYN_breakfast_2026-09-23,Wednesday,breakfast,08:50-08:55,76,39,518,262,59.0,19.7,,197.0,Dosa,118.0,23.6,11.8,5.7,1
SYN_breakfast_2026-09-23,Wednesday,breakfast,08:55-09:00,52,45,570,307,47.0,15.7,,216.0,Dosa,128.0,25.6,12.8,0.0,1
SYN_breakfast_2026-09-23,Wednesday,breakfast,09:00-09:05,67,52,637,359,48.0,16.0,,230.0,Dosa,132.0,26.4,13.2,0.3,1
SYN_breakfast_2026-09-23,Wednesday,breakfast,09:05-09:10,34,50,671,409,18.0,6.0,,244.0,Dosa,128.0,25.6,12.8,0.0,1
SYN_breakfast_2026-09-23,Wednesday,breakfast,09:10-09:15,30,63,701,472,7.0,2.3,,222.0,Dosa,82.0,16.4,8.2,0.0,1
SYN_breakfast_2026-09-23,Wednesday,breakfast,09:15-09:20,15,63,716,535,7.0,2.3,,174.0,Dosa,30.0,6.0,3.0,0.0,1
SYN_breakfast_2026-09-23,Wednesday,breakfast,09:20-09:25,6,64,722,599,7.0,2.3,,116.0,Dosa,12.0,2.4,1.2,0.0,1
SYN_breakfast_2026-09-23,Wednesday,breakfast,09:25-09:30,1,53,723,652,8.0,2.7,,63.0,Dosa,0.0,0.0,0.0,1.0,1
SYN_breakfast_2026-09-23,Wednesday,breakfast,09:30-09:35,0,41,723,693,8.0,2.7,,22.0,Dosa,0.0,0.0,0.0,0.0,1
SYN_breakfast_2026-09-23,Wednesday,breakfast,09:35-09:40,0,21,723,714,8.0,2.7,,1.0,Dosa,0.0,0.0,0.0,0.0,1
SYN_breakfast_2026-09-23,Wednesday,breakfast,09:40-09:45,0,7,723,721,8.0,2.7,,0.0,Dosa,0.0,0.0,0.0,0.0,1
SYN_breakfast_2026-09-23,Wednesday,breakfast,09:45-09:50,0,2,723,723,8.0,2.7,,0.0,Dosa,0.0,0.0,0.0,0.0,1
SYN_lunch_2026-09-23,Wednesday,lunch,12:00-12:05,15,0,15,0,0.0,0.0,,15.0,Rice/Dal/Roti,64.0,12.8,3.2,0.0,1
SYN_lunch_2026-09-23,Wednesday,lunch,12:05-12:10,17,0,32,0,0.0,0.0,,32.0,Rice/Dal/Roti,68.0,13.6,3.4,0.0,1
SYN_lunch_2026-09-23,Wednesday,lunch,12:10-12:15,12,0,44,0,0.0,0.0,,44.0,Rice/Dal/Roti,48.0,9.6,2.4,0.0,1
SYN_lunch_2026-09-23,Wednesday,lunch,12:15-12:20,12,2,56,2,0.0,0.0,,54.0,Rice/Dal/Roti,48.0,9.6,2.4,0.0,1
SYN_lunch_2026-09-23,Wednesday,lunch,12:20-12:25,12,13,68,15,0.0,0.0,,53.0,Rice/Dal/Roti,48.0,9.6,2.4,0.0,1
SYN_lunch_2026-09-23,Wednesday,lunch,12:25-12:30,31,14,99,29,0.0,0.0,,70.0,Rice/Dal/Roti,124.0,24.8,6.2,0.0,1
SYN_lunch_2026-09-23,Wednesday,lunch,12:30-12:35,26,12,125,41,0.0,0.0,,84.0,Rice/Dal/Roti,104.0,20.8,5.2,0.0,1
SYN_lunch_2026-09-23,Wednesday,lunch,12:35-12:40,32,14,157,55,0.0,0.0,,102.0,Rice/Dal/Roti,128.0,25.6,6.4,0.0,1
SYN_lunch_2026-09-23,Wednesday,lunch,12:40-12:45,60,16,217,71,11.0,3.7,,135.0,Rice/Dal/Roti,192.0,38.4,9.6,4.0,1
SYN_lunch_2026-09-23,Wednesday,lunch,12:45-12:50,70,26,287,97,33.0,11.0,,157.0,Rice/Dal/Roti,192.0,38.4,9.6,7.3,1
SYN_lunch_2026-09-23,Wednesday,lunch,12:50-12:55,80,31,367,128,63.0,21.0,,176.0,Rice/Dal/Roti,200.0,40.0,10.0,10.0,1
SYN_lunch_2026-09-23,Wednesday,lunch,12:55-13:00,46,30,413,158,63.0,21.0,,192.0,Rice/Dal/Roti,184.0,36.8,9.2,0.0,1
SYN_lunch_2026-09-23,Wednesday,lunch,13:00-13:05,35,47,448,205,52.0,17.3,,191.0,Rice/Dal/Roti,184.0,36.8,9.2,0.0,1
SYN_lunch_2026-09-23,Wednesday,lunch,13:05-13:10,35,48,483,253,39.0,13.0,,191.0,Rice/Dal/Roti,192.0,38.4,9.6,0.0,1
SYN_lunch_2026-09-23,Wednesday,lunch,13:10-13:15,43,59,526,312,31.0,10.3,,183.0,Rice/Dal/Roti,204.0,40.8,10.2,0.0,1
SYN_lunch_2026-09-23,Wednesday,lunch,13:15-13:20,31,44,557,356,11.0,3.7,,190.0,Rice/Dal/Roti,204.0,40.8,10.2,0.0,1
SYN_lunch_2026-09-23,Wednesday,lunch,13:20-13:25,32,47,589,403,2.0,0.7,,184.0,Rice/Dal/Roti,164.0,32.8,8.2,0.0,1
SYN_lunch_2026-09-23,Wednesday,lunch,13:25-13:30,26,48,615,451,2.0,0.7,,162.0,Rice/Dal/Roti,104.0,20.8,5.2,0.0,1
SYN_lunch_2026-09-23,Wednesday,lunch,13:30-13:35,31,51,646,502,5.0,1.7,,139.0,Rice/Dal/Roti,112.0,22.4,5.6,1.0,1
SYN_lunch_2026-09-23,Wednesday,lunch,13:35-13:40,26,33,672,535,2.0,0.7,,135.0,Rice/Dal/Roti,116.0,23.2,5.8,0.0,1
SYN_lunch_2026-09-23,Wednesday,lunch,13:40-13:45,31,45,703,580,2.0,0.7,,121.0,Rice/Dal/Roti,124.0,24.8,6.2,0.0,1
SYN_lunch_2026-09-23,Wednesday,lunch,13:45-13:50,47,29,750,609,7.0,2.3,,134.0,Rice/Dal/Roti,168.0,33.6,8.4,1.7,1
SYN_lunch_2026-09-23,Wednesday,lunch,13:50-13:55,50,36,800,645,11.0,3.7,,144.0,Rice/Dal/Roti,184.0,36.8,9.2,1.3,1
SYN_lunch_2026-09-23,Wednesday,lunch,13:55-14:00,44,27,844,672,5.0,1.7,,167.0,Rice/Dal/Roti,200.0,40.0,10.0,0.0,1
SYN_lunch_2026-09-23,Wednesday,lunch,14:00-14:05,0,39,844,711,2.0,0.7,,131.0,Rice/Dal/Roti,12.0,2.4,0.6,0.0,1
SYN_lunch_2026-09-23,Wednesday,lunch,14:05-14:10,0,36,844,747,2.0,0.7,,95.0,Rice/Dal/Roti,0.0,0.0,0.0,0.0,1
SYN_lunch_2026-09-23,Wednesday,lunch,14:10-14:15,0,46,844,793,2.0,0.7,,49.0,Rice/Dal/Roti,0.0,0.0,0.0,0.0,1
SYN_lunch_2026-09-23,Wednesday,lunch,14:15-14:20,0,35,844,828,2.0,0.7,,14.0,Rice/Dal/Roti,0.0,0.0,0.0,0.0,1
SYN_lunch_2026-09-23,Wednesday,lunch,14:20-14:25,0,15,844,843,2.0,0.7,,0.0,Rice/Dal/Roti,0.0,0.0,0.0,0.0,1
SYN_lunch_2026-09-23,Wednesday,lunch,14:25-14:30,0,1,844,844,2.0,0.7,,0.0,Rice/Dal/Roti,0.0,0.0,0.0,0.0,1
SYN_dinner_2026-09-23,Wednesday,dinner,19:30-19:35,24,0,24,0,0.0,0.0,,24.0,Veg Biryani (special),27.0,5.4,5.4,0.0,1
SYN_dinner_2026-09-23,Wednesday,dinner,19:35-19:40,34,0,58,0,0.0,0.0,,58.0,Veg Biryani (special),35.0,7.0,7.0,0.0,1
SYN_dinner_2026-09-23,Wednesday,dinner,19:40-19:45,29,0,87,0,0.0,0.0,,87.0,Veg Biryani (special),29.0,5.8,5.8,0.0,1
SYN_dinner_2026-09-23,Wednesday,dinner,19:45-19:50,22,4,109,4,0.0,0.0,,105.0,Veg Biryani (special),22.0,4.4,4.4,0.0,1
SYN_dinner_2026-09-23,Wednesday,dinner,19:50-19:55,10,18,119,22,0.0,0.0,,97.0,Veg Biryani (special),12.0,2.4,2.4,0.0,1
SYN_dinner_2026-09-23,Wednesday,dinner,19:55-20:00,7,31,126,53,0.0,0.0,,73.0,Veg Biryani (special),7.0,1.4,1.4,0.0,1
SYN_dinner_2026-09-23,Wednesday,dinner,20:00-20:05,38,30,164,83,32.0,10.7,,49.0,Veg Biryani (special),0.0,0.0,0.0,12.7,1
SYN_dinner_2026-09-23,Wednesday,dinner,20:05-20:10,30,24,194,107,31.0,10.3,,56.0,Veg Biryani (special),31.0,6.2,6.2,0.0,1
SYN_dinner_2026-09-23,Wednesday,dinner,20:10-20:15,47,12,241,119,41.0,13.7,,81.0,Veg Biryani (special),37.0,7.4,7.4,3.3,1
SYN_dinner_2026-09-23,Wednesday,dinner,20:15-20:20,23,19,264,138,30.0,10.0,,96.0,Veg Biryani (special),34.0,6.8,6.8,0.0,1
SYN_dinner_2026-09-23,Wednesday,dinner,20:20-20:25,32,27,296,165,29.0,9.7,,102.0,Veg Biryani (special),33.0,6.6,6.6,0.0,1
SYN_dinner_2026-09-23,Wednesday,dinner,20:25-20:30,36,29,332,194,27.0,9.0,,111.0,Veg Biryani (special),38.0,7.6,7.6,0.0,1
SYN_dinner_2026-09-23,Wednesday,dinner,20:30-20:35,30,38,362,232,27.0,9.0,,103.0,Veg Biryani (special),30.0,6.0,6.0,0.0,1
SYN_dinner_2026-09-23,Wednesday,dinner,20:35-20:40,31,28,393,260,29.0,9.7,,104.0,Veg Biryani (special),29.0,5.8,5.8,0.7,1
SYN_dinner_2026-09-23,Wednesday,dinner,20:40-20:45,37,35,430,295,29.0,9.7,,106.0,Veg Biryani (special),37.0,7.4,7.4,0.0,1
SYN_dinner_2026-09-23,Wednesday,dinner,20:45-20:50,35,33,465,328,30.0,10.0,,107.0,Veg Biryani (special),34.0,6.8,6.8,0.3,1
SYN_dinner_2026-09-23,Wednesday,dinner,20:50-20:55,24,30,489,358,25.0,8.3,,106.0,Veg Biryani (special),29.0,5.8,5.8,0.0,1
SYN_dinner_2026-09-23,Wednesday,dinner,20:55-21:00,30,30,519,388,26.0,8.7,,105.0,Veg Biryani (special),29.0,5.8,5.8,0.3,1
SYN_dinner_2026-09-23,Wednesday,dinner,21:00-21:05,29,39,548,427,55.0,18.3,,66.0,Veg Biryani (special),0.0,0.0,0.0,9.7,1
SYN_dinner_2026-09-23,Wednesday,dinner,21:05-21:10,25,38,573,465,55.0,18.3,,53.0,Veg Biryani (special),25.0,5.0,5.0,0.0,1
SYN_dinner_2026-09-23,Wednesday,dinner,21:10-21:15,36,26,609,491,57.0,19.0,,61.0,Veg Biryani (special),34.0,6.8,6.8,0.7,1
SYN_dinner_2026-09-23,Wednesday,dinner,21:15-21:20,37,24,646,515,59.0,19.7,,72.0,Veg Biryani (special),35.0,7.0,7.0,0.7,1
SYN_dinner_2026-09-23,Wednesday,dinner,21:20-21:25,38,32,684,547,60.0,20.0,,77.0,Veg Biryani (special),37.0,7.4,7.4,0.3,1
SYN_dinner_2026-09-23,Wednesday,dinner,21:25-21:30,35,25,719,572,59.0,19.7,,88.0,Veg Biryani (special),36.0,7.2,7.2,0.0,1
SYN_dinner_2026-09-23,Wednesday,dinner,21:30-21:35,40,38,759,610,60.0,20.0,,89.0,Veg Biryani (special),39.0,7.8,7.8,0.3,1
SYN_dinner_2026-09-23,Wednesday,dinner,21:35-21:40,35,34,794,644,57.0,19.0,,93.0,Veg Biryani (special),38.0,7.6,7.6,0.0,1
SYN_dinner_2026-09-23,Wednesday,dinner,21:40-21:45,15,37,809,681,57.0,19.0,,71.0,Veg Biryani (special),15.0,3.0,3.0,0.0,1
SYN_dinner_2026-09-23,Wednesday,dinner,21:45-21:50,0,42,809,723,57.0,19.0,,29.0,Veg Biryani (special),0.0,0.0,0.0,0.0,1
SYN_dinner_2026-09-23,Wednesday,dinner,21:50-21:55,0,42,809,765,57.0,19.0,,0.0,Veg Biryani (special),0.0,0.0,0.0,0.0,1
SYN_dinner_2026-09-23,Wednesday,dinner,21:55-22:00,0,22,809,787,57.0,19.0,,0.0,Veg Biryani (special),0.0,0.0,0.0,0.0,1
SYN_dinner_2026-09-23,Wednesday,dinner,22:00-22:05,0,16,809,803,57.0,19.0,,0.0,Veg Biryani (special),0.0,0.0,0.0,0.0,1
SYN_dinner_2026-09-23,Wednesday,dinner,22:05-22:10,0,6,809,809,57.0,19.0,,0.0,Veg Biryani (special),0.0,0.0,0.0,0.0,1
SYN_breakfast_2026-09-24,Thursday,breakfast,07:15-07:20,5,0,5,0,0.0,0.0,,5.0,Poha,6.0,1.2,1.2,0.0,1
SYN_breakfast_2026-09-24,Thursday,breakfast,07:20-07:25,4,0,9,0,0.0,0.0,,9.0,Poha,4.0,0.8,0.8,0.0,1
SYN_breakfast_2026-09-24,Thursday,breakfast,07:25-07:30,4,0,13,0,0.0,0.0,,13.0,Poha,3.0,0.6,0.6,0.3,1
SYN_breakfast_2026-09-24,Thursday,breakfast,07:30-07:35,4,0,17,0,1.0,0.3,,16.0,Poha,3.0,0.6,0.6,0.3,1
SYN_breakfast_2026-09-24,Thursday,breakfast,07:35-07:40,3,4,20,4,1.0,1.0,,15.0,Poha,3.0,0.6,0.6,1.0,1
SYN_breakfast_2026-09-24,Thursday,breakfast,07:40-07:45,4,4,24,8,0.0,0.0,,16.0,Poha,5.0,1.0,1.0,0.0,1
SYN_breakfast_2026-09-24,Thursday,breakfast,07:45-07:50,17,5,41,13,1.0,0.3,,27.0,Poha,16.0,3.2,3.2,0.3,1
SYN_breakfast_2026-09-24,Thursday,breakfast,07:50-07:55,12,3,53,16,13.0,4.3,,24.0,Poha,0.0,0.0,0.0,4.0,1
SYN_breakfast_2026-09-24,Thursday,breakfast,07:55-08:00,24,6,77,22,14.0,4.7,,41.0,Poha,23.0,4.6,4.6,0.3,1
SYN_breakfast_2026-09-24,Thursday,breakfast,08:00-08:05,27,5,104,27,14.0,4.7,,63.0,Poha,27.0,5.4,5.4,0.0,1
SYN_breakfast_2026-09-24,Thursday,breakfast,08:05-08:10,30,10,134,37,13.0,4.3,,84.0,Poha,31.0,6.2,6.2,0.0,1
SYN_breakfast_2026-09-24,Thursday,breakfast,08:10-08:15,15,19,149,56,12.0,4.0,,81.0,Poha,16.0,3.2,3.2,0.0,1
SYN_breakfast_2026-09-24,Thursday,breakfast,08:15-08:20,25,14,174,70,12.0,4.0,,92.0,Poha,25.0,5.0,5.0,0.0,1
SYN_breakfast_2026-09-24,Thursday,breakfast,08:20-08:25,31,28,205,98,12.0,4.0,,95.0,Poha,31.0,6.2,6.2,0.0,1
SYN_breakfast_2026-09-24,Thursday,breakfast,08:25-08:30,29,27,234,125,11.0,3.7,,98.0,Poha,30.0,6.0,6.0,0.0,1
SYN_breakfast_2026-09-24,Thursday,breakfast,08:30-08:35,44,24,278,149,10.0,3.3,,119.0,Poha,45.0,9.0,9.0,0.0,1
SYN_breakfast_2026-09-24,Thursday,breakfast,08:35-08:40,50,20,328,169,11.0,3.7,,148.0,Poha,49.0,9.8,9.8,0.3,1
SYN_breakfast_2026-09-24,Thursday,breakfast,08:40-08:45,87,32,415,201,28.0,9.3,,186.0,Poha,70.0,14.0,14.0,5.7,1
SYN_breakfast_2026-09-24,Thursday,breakfast,08:45-08:50,65,32,480,233,29.0,9.7,,218.0,Poha,64.0,12.8,12.8,0.3,1
SYN_breakfast_2026-09-24,Thursday,breakfast,08:50-08:55,78,44,558,277,36.0,12.0,,245.0,Poha,71.0,14.2,14.2,2.3,1
SYN_breakfast_2026-09-24,Thursday,breakfast,08:55-09:00,52,51,610,328,18.0,6.0,,264.0,Poha,70.0,14.0,14.0,0.0,1
SYN_breakfast_2026-09-24,Thursday,breakfast,09:00-09:05,48,64,658,392,11.0,3.7,,255.0,Poha,55.0,11.0,11.0,0.0,1
SYN_breakfast_2026-09-24,Thursday,breakfast,09:05-09:10,46,77,704,469,11.0,3.7,,224.0,Poha,46.0,9.2,9.2,0.0,1
SYN_breakfast_2026-09-24,Thursday,breakfast,09:10-09:15,21,66,725,535,11.0,3.7,,179.0,Poha,21.0,4.2,4.2,0.0,1
SYN_breakfast_2026-09-24,Thursday,breakfast,09:15-09:20,10,68,735,603,11.0,3.7,,121.0,Poha,10.0,2.0,2.0,0.0,1
SYN_breakfast_2026-09-24,Thursday,breakfast,09:20-09:25,1,57,736,660,11.0,3.7,,65.0,Poha,1.0,0.2,0.2,1.0,1
SYN_breakfast_2026-09-24,Thursday,breakfast,09:25-09:30,0,41,736,701,11.0,3.7,,24.0,Poha,0.0,0.0,0.0,0.0,1
SYN_breakfast_2026-09-24,Thursday,breakfast,09:30-09:35,0,24,736,725,11.0,3.7,,0.0,Poha,0.0,0.0,0.0,0.0,1
SYN_breakfast_2026-09-24,Thursday,breakfast,09:35-09:40,0,7,736,732,11.0,3.7,,0.0,Poha,0.0,0.0,0.0,0.0,1
SYN_breakfast_2026-09-24,Thursday,breakfast,09:40-09:45,0,4,736,736,11.0,3.7,,0.0,Poha,0.0,0.0,0.0,0.0,1
SYN_lunch_2026-09-24,Thursday,lunch,12:00-12:05,10,0,10,0,0.0,0.0,,10.0,Rice/Dal/Roti,40.0,8.0,2.0,0.0,1
SYN_lunch_2026-09-24,Thursday,lunch,12:05-12:10,19,0,29,0,0.0,0.0,,29.0,Rice/Dal/Roti,76.0,15.2,3.8,0.0,1
SYN_lunch_2026-09-24,Thursday,lunch,12:10-12:15,18,0,47,0,0.0,0.0,,47.0,Rice/Dal/Roti,72.0,14.4,3.6,0.0,1
SYN_lunch_2026-09-24,Thursday,lunch,12:15-12:20,31,2,78,2,0.0,0.0,,76.0,Rice/Dal/Roti,124.0,24.8,6.2,0.0,1
SYN_lunch_2026-09-24,Thursday,lunch,12:20-12:25,26,12,104,14,0.0,0.0,,90.0,Rice/Dal/Roti,104.0,20.8,5.2,0.0,1
SYN_lunch_2026-09-24,Thursday,lunch,12:25-12:30,27,10,131,24,0.0,0.0,,107.0,Rice/Dal/Roti,108.0,21.6,5.4,0.0,1
SYN_lunch_2026-09-24,Thursday,lunch,12:30-12:35,21,27,152,51,0.0,0.0,,101.0,Rice/Dal/Roti,84.0,16.8,4.2,0.0,1
SYN_lunch_2026-09-24,Thursday,lunch,12:35-12:40,38,31,190,82,0.0,0.0,,108.0,Rice/Dal/Roti,152.0,30.4,7.6,0.0,1
SYN_lunch_2026-09-24,Thursday,lunch,12:40-12:45,48,24,238,106,8.0,2.7,,124.0,Rice/Dal/Roti,160.0,32.0,8.0,2.7,1
SYN_lunch_2026-09-24,Thursday,lunch,12:45-12:50,59,31,297,137,20.0,6.7,,140.0,Rice/Dal/Roti,188.0,37.6,9.4,4.0,1
SYN_lunch_2026-09-24,Thursday,lunch,12:50-12:55,92,22,389,159,64.0,21.3,,166.0,Rice/Dal/Roti,192.0,38.4,9.6,14.7,1
SYN_lunch_2026-09-24,Thursday,lunch,12:55-13:00,79,37,468,196,95.0,31.7,,177.0,Rice/Dal/Roti,192.0,38.4,9.6,10.3,1
SYN_lunch_2026-09-24,Thursday,lunch,13:00-13:05,37,32,505,228,85.0,28.3,,192.0,Rice/Dal/Roti,188.0,37.6,9.4,0.0,1
SYN_lunch_2026-09-24,Thursday,lunch,13:05-13:10,39,42,544,270,78.0,26.0,,196.0,Rice/Dal/Roti,184.0,36.8,9.2,0.0,1
SYN_lunch_2026-09-24,Thursday,lunch,13:10-13:15,39,61,583,331,70.0,23.3,,182.0,Rice/Dal/Roti,188.0,37.6,9.4,0.0,1
SYN_lunch_2026-09-24,Thursday,lunch,13:15-13:20,41,38,624,369,65.0,21.7,,190.0,Rice/Dal/Roti,184.0,36.8,9.2,0.0,1
SYN_lunch_2026-09-24,Thursday,lunch,13:20-13:25,32,46,656,415,53.0,17.7,,188.0,Rice/Dal/Roti,176.0,35.2,8.8,0.0,1
SYN_lunch_2026-09-24,Thursday,lunch,13:25-13:30,40,51,696,466,45.0,15.0,,185.0,Rice/Dal/Roti,192.0,38.4,9.6,0.0,1
SYN_lunch_2026-09-24,Thursday,lunch,13:30-13:35,38,44,734,510,83.0,27.7,,141.0,Rice/Dal/Roti,0.0,0.0,0.0,12.7,1
SYN_lunch_2026-09-24,Thursday,lunch,13:35-13:40,24,51,758,561,59.0,19.7,,138.0,Rice/Dal/Roti,192.0,38.4,9.6,0.0,1
SYN_lunch_2026-09-24,Thursday,lunch,13:40-13:45,55,45,813,606,65.0,21.7,,142.0,Rice/Dal/Roti,196.0,39.2,9.8,2.0,1
SYN_lunch_2026-09-24,Thursday,lunch,13:45-13:50,41,44,854,650,56.0,18.7,,148.0,Rice/Dal/Roti,200.0,40.0,10.0,0.0,1
SYN_lunch_2026-09-24,Thursday,lunch,13:50-13:55,46,50,900,700,52.0,17.3,,148.0,Rice/Dal/Roti,200.0,40.0,10.0,0.0,1
SYN_lunch_2026-09-24,Thursday,lunch,13:55-14:00,42,47,942,747,50.0,16.7,,145.0,Rice/Dal/Roti,176.0,35.2,8.8,0.0,1
SYN_lunch_2026-09-24,Thursday,lunch,14:00-14:05,0,58,942,805,50.0,16.7,,87.0,Rice/Dal/Roti,0.0,0.0,0.0,0.0,1
SYN_lunch_2026-09-24,Thursday,lunch,14:05-14:10,0,46,942,851,50.0,16.7,,41.0,Rice/Dal/Roti,0.0,0.0,0.0,0.0,1
SYN_lunch_2026-09-24,Thursday,lunch,14:10-14:15,0,36,942,887,50.0,16.7,,5.0,Rice/Dal/Roti,0.0,0.0,0.0,0.0,1
SYN_lunch_2026-09-24,Thursday,lunch,14:15-14:20,0,42,942,929,50.0,16.7,,0.0,Rice/Dal/Roti,0.0,0.0,0.0,0.0,1
SYN_lunch_2026-09-24,Thursday,lunch,14:20-14:25,0,10,942,939,50.0,16.7,,0.0,Rice/Dal/Roti,0.0,0.0,0.0,0.0,1
SYN_lunch_2026-09-24,Thursday,lunch,14:25-14:30,0,2,942,941,50.0,16.7,,0.0,Rice/Dal/Roti,0.0,0.0,0.0,0.0,1
SYN_lunch_2026-09-24,Thursday,lunch,14:30-14:35,0,1,942,942,50.0,16.7,,0.0,Rice/Dal/Roti,0.0,0.0,0.0,0.0,1
SYN_dinner_2026-09-24,Thursday,dinner,19:30-19:35,5,0,5,0,1.0,0.3,,4.0,Roti/Sabzi,16.0,3.2,0.8,0.3,1
SYN_dinner_2026-09-24,Thursday,dinner,19:35-19:40,3,0,8,0,1.0,1.0,,7.0,Roti/Sabzi,12.0,2.4,0.6,1.0,1
SYN_dinner_2026-09-24,Thursday,dinner,19:40-19:45,6,0,14,0,1.0,0.3,,13.0,Roti/Sabzi,24.0,4.8,1.2,0.0,1
SYN_dinner_2026-09-24,Thursday,dinner,19:45-19:50,7,3,21,3,8.0,2.7,,10.0,Roti/Sabzi,0.0,0.0,0.0,2.3,1
SYN_dinner_2026-09-24,Thursday,dinner,19:50-19:55,2,1,23,4,8.0,2.7,,11.0,Roti/Sabzi,8.0,1.6,0.4,1.0,1
SYN_dinner_2026-09-24,Thursday,dinner,19:55-20:00,6,5,29,9,8.0,2.7,,12.0,Roti/Sabzi,24.0,4.8,1.2,0.0,1
SYN_dinner_2026-09-24,Thursday,dinner,20:00-20:05,33,8,62,17,8.0,2.7,,37.0,Roti/Sabzi,132.0,26.4,6.6,0.0,1
SYN_dinner_2026-09-24,Thursday,dinner,20:05-20:10,37,4,99,21,8.0,2.7,,70.0,Roti/Sabzi,148.0,29.6,7.4,0.0,1
SYN_dinner_2026-09-24,Thursday,dinner,20:10-20:15,31,4,130,25,8.0,2.7,,97.0,Roti/Sabzi,124.0,24.8,6.2,0.0,1
SYN_dinner_2026-09-24,Thursday,dinner,20:15-20:20,24,10,154,35,8.0,2.7,,111.0,Roti/Sabzi,96.0,19.2,4.8,0.0,1
SYN_dinner_2026-09-24,Thursday,dinner,20:20-20:25,29,36,183,71,7.0,2.3,,105.0,Roti/Sabzi,120.0,24.0,6.0,0.0,1
SYN_dinner_2026-09-24,Thursday,dinner,20:25-20:30,34,30,217,101,7.0,2.3,,109.0,Roti/Sabzi,136.0,27.2,6.8,0.0,1
SYN_dinner_2026-09-24,Thursday,dinner,20:30-20:35,36,27,253,128,8.0,2.7,,117.0,Roti/Sabzi,140.0,28.0,7.0,0.3,1
SYN_dinner_2026-09-24,Thursday,dinner,20:35-20:40,35,21,288,149,7.0,2.3,,132.0,Roti/Sabzi,144.0,28.8,7.2,0.0,1
SYN_dinner_2026-09-24,Thursday,dinner,20:40-20:45,36,33,324,182,7.0,2.3,,135.0,Roti/Sabzi,144.0,28.8,7.2,0.0,1
SYN_dinner_2026-09-24,Thursday,dinner,20:45-20:50,31,36,355,218,7.0,2.3,,130.0,Roti/Sabzi,124.0,24.8,6.2,0.0,1
SYN_dinner_2026-09-24,Thursday,dinner,20:50-20:55,32,33,387,251,7.0,2.3,,129.0,Roti/Sabzi,128.0,25.6,6.4,0.0,1
SYN_dinner_2026-09-24,Thursday,dinner,20:55-21:00,45,38,432,289,8.0,2.7,,135.0,Roti/Sabzi,176.0,35.2,8.8,0.3,1
SYN_dinner_2026-09-24,Thursday,dinner,21:00-21:05,43,35,475,324,12.0,4.0,,139.0,Roti/Sabzi,156.0,31.2,7.8,1.3,1
SYN_dinner_2026-09-24,Thursday,dinner,21:05-21:10,49,36,524,360,17.0,5.7,,147.0,Roti/Sabzi,176.0,35.2,8.8,1.7,1
SYN_dinner_2026-09-24,Thursday,dinner,21:10-21:15,49,38,573,398,21.0,7.0,,154.0,Roti/Sabzi,180.0,36.0,9.0,1.3,1
SYN_dinner_2026-09-24,Thursday,dinner,21:15-21:20,51,32,624,430,26.0,8.7,,168.0,Roti/Sabzi,184.0,36.8,9.2,1.7,1
SYN_dinner_2026-09-24,Thursday,dinner,21:20-21:25,49,41,673,471,27.0,9.0,,175.0,Roti/Sabzi,192.0,38.4,9.6,0.3,1
SYN_dinner_2026-09-24,Thursday,dinner,21:25-21:30,51,44,724,515,32.0,10.7,,177.0,Roti/Sabzi,184.0,36.8,9.2,1.7,1
SYN_dinner_2026-09-24,Thursday,dinner,21:30-21:35,59,51,783,566,46.0,15.3,,171.0,Roti/Sabzi,180.0,36.0,9.0,4.7,1
SYN_dinner_2026-09-24,Thursday,dinner,21:35-21:40,29,43,812,609,30.0,10.0,,173.0,Roti/Sabzi,180.0,36.0,9.0,0.0,1
SYN_dinner_2026-09-24,Thursday,dinner,21:40-21:45,12,41,824,650,6.0,2.0,,168.0,Roti/Sabzi,144.0,28.8,7.2,0.0,1
SYN_dinner_2026-09-24,Thursday,dinner,21:45-21:50,0,49,824,699,6.0,2.0,,119.0,Roti/Sabzi,0.0,0.0,0.0,0.0,1
SYN_dinner_2026-09-24,Thursday,dinner,21:50-21:55,0,44,824,743,6.0,2.0,,75.0,Roti/Sabzi,0.0,0.0,0.0,0.0,1
SYN_dinner_2026-09-24,Thursday,dinner,21:55-22:00,0,42,824,785,6.0,2.0,,33.0,Roti/Sabzi,0.0,0.0,0.0,0.0,1
SYN_dinner_2026-09-24,Thursday,dinner,22:00-22:05,0,28,824,813,6.0,2.0,,5.0,Roti/Sabzi,0.0,0.0,0.0,0.0,1
SYN_dinner_2026-09-24,Thursday,dinner,22:05-22:10,0,10,824,823,6.0,2.0,,0.0,Roti/Sabzi,0.0,0.0,0.0,0.0,1
SYN_dinner_2026-09-24,Thursday,dinner,22:10-22:15,0,1,824,824,6.0,2.0,,0.0,Roti/Sabzi,0.0,0.0,0.0,0.0,1
SYN_breakfast_2026-09-25,Friday,breakfast,07:15-07:20,3,0,3,0,1.0,1.0,,2.0,Dosa,4.0,0.8,0.4,1.0,1
SYN_breakfast_2026-09-25,Friday,breakfast,07:20-07:25,8,0,11,0,0.0,0.0,,11.0,Dosa,18.0,3.6,1.8,0.0,1
SYN_breakfast_2026-09-25,Friday,breakfast,07:25-07:30,3,0,14,0,0.0,1.0,,14.0,Dosa,8.0,1.6,0.8,1.0,1
SYN_breakfast_2026-09-25,Friday,breakfast,07:30-07:35,3,1,17,1,0.0,1.0,,16.0,Dosa,6.0,1.2,0.6,1.0,1
SYN_breakfast_2026-09-25,Friday,breakfast,07:35-07:40,4,5,21,6,3.0,1.0,,12.0,Dosa,0.0,0.0,0.0,1.3,1
SYN_breakfast_2026-09-25,Friday,breakfast,07:40-07:45,11,3,32,9,3.0,1.0,,20.0,Dosa,22.0,4.4,2.2,0.0,1
SYN_breakfast_2026-09-25,Friday,breakfast,07:45-07:50,16,5,48,14,3.0,1.0,,31.0,Dosa,32.0,6.4,3.2,0.0,1
SYN_breakfast_2026-09-25,Friday,breakfast,07:50-07:55,19,2,67,16,4.0,1.3,,47.0,Dosa,36.0,7.2,3.6,0.3,1
SYN_breakfast_2026-09-25,Friday,breakfast,07:55-08:00,27,9,94,25,3.0,1.0,,66.0,Dosa,56.0,11.2,5.6,0.0,1
SYN_breakfast_2026-09-25,Friday,breakfast,08:00-08:05,26,11,120,36,3.0,1.0,,81.0,Dosa,52.0,10.4,5.2,0.0,1
SYN_breakfast_2026-09-25,Friday,breakfast,08:05-08:10,24,18,144,54,3.0,1.0,,87.0,Dosa,48.0,9.6,4.8,0.0,1
SYN_breakfast_2026-09-25,Friday,breakfast,08:10-08:15,10,18,154,72,3.0,1.0,,79.0,Dosa,20.0,4.0,2.0,0.0,1
SYN_breakfast_2026-09-25,Friday,breakfast,08:15-08:20,26,18,180,90,3.0,1.0,,87.0,Dosa,52.0,10.4,5.2,0.0,1
SYN_breakfast_2026-09-25,Friday,breakfast,08:20-08:25,30,28,210,118,3.0,1.0,,89.0,Dosa,60.0,12.0,6.0,0.0,1
SYN_breakfast_2026-09-25,Friday,breakfast,08:25-08:30,27,24,237,142,4.0,1.3,,91.0,Dosa,52.0,10.4,5.2,0.3,1
SYN_breakfast_2026-09-25,Friday,breakfast,08:30-08:35,26,18,263,160,6.0,2.0,,97.0,Dosa,48.0,9.6,4.8,0.7,1
SYN_breakfast_2026-09-25,Friday,breakfast,08:35-08:40,53,17,316,177,9.0,3.0,,130.0,Dosa,100.0,20.0,10.0,1.0,1
SYN_breakfast_2026-09-25,Friday,breakfast,08:40-08:45,63,37,379,214,72.0,24.0,,93.0,Dosa,0.0,0.0,0.0,21.0,1
SYN_breakfast_2026-09-25,Friday,breakfast,08:45-08:50,80,27,459,241,97.0,32.3,,121.0,Dosa,110.0,22.0,11.0,8.3,1
SYN_breakfast_2026-09-25,Friday,breakfast,08:50-08:55,83,29,542,270,115.0,38.3,,157.0,Dosa,130.0,26.0,13.0,6.0,1
SYN_breakfast_2026-09-25,Friday,breakfast,08:55-09:00,63,45,605,315,116.0,38.7,,174.0,Dosa,124.0,24.8,12.4,0.3,1
SYN_breakfast_2026-09-25,Friday,breakfast,09:00-09:05,58,55,663,370,111.0,37.0,,182.0,Dosa,126.0,25.2,12.6,0.0,1
SYN_breakfast_2026-09-25,Friday,breakfast,09:05-09:10,53,50,716,420,100.0,33.3,,196.0,Dosa,128.0,25.6,12.8,0.0,1
SYN_breakfast_2026-09-25,Friday,breakfast,09:10-09:15,40,66,756,486,74.0,24.7,,196.0,Dosa,132.0,26.4,13.2,0.0,1
SYN_breakfast_2026-09-25,Friday,breakfast,09:15-09:20,28,62,784,548,61.0,20.3,,175.0,Dosa,82.0,16.4,8.2,0.0,1
SYN_breakfast_2026-09-25,Friday,breakfast,09:20-09:25,12,65,796,613,61.0,20.3,,122.0,Dosa,24.0,4.8,2.4,0.0,1
SYN_breakfast_2026-09-25,Friday,breakfast,09:25-09:30,1,65,797,678,61.0,20.3,,58.0,Dosa,2.0,0.4,0.2,1.0,1
SYN_breakfast_2026-09-25,Friday,breakfast,09:30-09:35,0,59,797,737,61.0,20.3,,0.0,Dosa,0.0,0.0,0.0,0.0,1
SYN_breakfast_2026-09-25,Friday,breakfast,09:35-09:40,0,35,797,772,61.0,20.3,,0.0,Dosa,0.0,0.0,0.0,0.0,1
SYN_breakfast_2026-09-25,Friday,breakfast,09:40-09:45,0,20,797,792,61.0,20.3,,0.0,Dosa,0.0,0.0,0.0,0.0,1
SYN_breakfast_2026-09-25,Friday,breakfast,09:45-09:50,0,4,797,796,61.0,20.3,,0.0,Dosa,0.0,0.0,0.0,0.0,1
SYN_breakfast_2026-09-25,Friday,breakfast,09:50-09:55,0,1,797,797,61.0,20.3,,0.0,Dosa,0.0,0.0,0.0,0.0,1
SYN_lunch_2026-09-25,Friday,lunch,12:00-12:05,21,0,21,0,1.0,0.3,,20.0,Rice/Dal/Roti,80.0,16.0,4.0,0.3,1
SYN_lunch_2026-09-25,Friday,lunch,12:05-12:10,13,0,34,0,1.0,0.3,,33.0,Rice/Dal/Roti,52.0,10.4,2.6,0.0,1
SYN_lunch_2026-09-25,Friday,lunch,12:10-12:15,14,1,48,1,1.0,0.3,,46.0,Rice/Dal/Roti,56.0,11.2,2.8,0.0,1
SYN_lunch_2026-09-25,Friday,lunch,12:15-12:20,26,4,74,5,1.0,0.3,,68.0,Rice/Dal/Roti,104.0,20.8,5.2,0.0,1
SYN_lunch_2026-09-25,Friday,lunch,12:20-12:25,19,12,93,17,1.0,0.3,,75.0,Rice/Dal/Roti,76.0,15.2,3.8,0.0,1
SYN_lunch_2026-09-25,Friday,lunch,12:25-12:30,19,18,112,35,1.0,0.3,,76.0,Rice/Dal/Roti,76.0,15.2,3.8,0.0,1
SYN_lunch_2026-09-25,Friday,lunch,12:30-12:35,32,10,144,45,1.0,0.3,,98.0,Rice/Dal/Roti,128.0,25.6,6.4,0.0,1
SYN_lunch_2026-09-25,Friday,lunch,12:35-12:40,30,20,174,65,1.0,0.3,,108.0,Rice/Dal/Roti,120.0,24.0,6.0,0.0,1
SYN_lunch_2026-09-25,Friday,lunch,12:40-12:45,45,26,219,91,2.0,0.7,,126.0,Rice/Dal/Roti,176.0,35.2,8.8,0.3,1
SYN_lunch_2026-09-25,Friday,lunch,12:45-12:50,49,27,268,118,8.0,2.7,,142.0,Rice/Dal/Roti,172.0,34.4,8.6,2.0,1
SYN_lunch_2026-09-25,Friday,lunch,12:50-12:55,57,26,325,144,19.0,6.3,,162.0,Rice/Dal/Roti,184.0,36.8,9.2,3.7,1
SYN_lunch_2026-09-25,Friday,lunch,12:55-13:00,70,36,395,180,35.0,11.7,,180.0,Rice/Dal/Roti,216.0,43.2,10.8,5.3,1
SYN_lunch_2026-09-25,Friday,lunch,13:00-13:05,60,43,455,223,34.0,11.3,,198.0,Rice/Dal/Roti,244.0,48.8,12.2,0.0,1
SYN_lunch_2026-09-25,Friday,lunch,13:05-13:10,36,39,491,262,5.0,1.7,,224.0,Rice/Dal/Roti,260.0,52.0,13.0,0.0,1
SYN_lunch_2026-09-25,Friday,lunch,13:10-13:15,31,48,522,310,1.0,0.3,,211.0,Rice/Dal/Roti,140.0,28.0,7.0,0.0,1
SYN_lunch_2026-09-25,Friday,lunch,13:15-13:20,37,52,559,362,1.0,0.3,,196.0,Rice/Dal/Roti,148.0,29.6,7.4,0.0,1
SYN_lunch_2026-09-25,Friday,lunch,13:20-13:25,27,64,586,426,1.0,0.3,,159.0,Rice/Dal/Roti,108.0,21.6,5.4,0.0,1
SYN_lunch_2026-09-25,Friday,lunch,13:25-13:30,22,52,608,478,1.0,0.3,,129.0,Rice/Dal/Roti,88.0,17.6,4.4,0.0,1
SYN_lunch_2026-09-25,Friday,lunch,13:30-13:35,31,41,639,519,1.0,0.3,,119.0,Rice/Dal/Roti,124.0,24.8,6.2,0.0,1
SYN_lunch_2026-09-25,Friday,lunch,13:35-13:40,20,36,659,555,1.0,0.3,,103.0,Rice/Dal/Roti,80.0,16.0,4.0,0.0,1
SYN_lunch_2026-09-25,Friday,lunch,13:40-13:45,26,29,685,584,27.0,9.0,,74.0,Rice/Dal/Roti,0.0,0.0,0.0,8.7,1
SYN_lunch_2026-09-25,Friday,lunch,13:45-13:50,37,28,722,612,27.0,9.0,,83.0,Rice/Dal/Roti,148.0,29.6,7.4,0.0,1
SYN_lunch_2026-09-25,Friday,lunch,13:50-13:55,45,24,767,636,27.0,9.0,,104.0,Rice/Dal/Roti,180.0,36.0,9.0,0.0,1
SYN_lunch_2026-09-25,Friday,lunch,13:55-14:00,50,24,817,660,27.0,9.0,,130.0,Rice/Dal/Roti,200.0,40.0,10.0,0.0,1
SYN_lunch_2026-09-25,Friday,lunch,14:00-14:05,0,25,817,685,27.0,9.0,,105.0,Rice/Dal/Roti,0.0,0.0,0.0,0.0,1
SYN_lunch_2026-09-25,Friday,lunch,14:05-14:10,0,40,817,725,27.0,9.0,,65.0,Rice/Dal/Roti,0.0,0.0,0.0,0.0,1
SYN_lunch_2026-09-25,Friday,lunch,14:10-14:15,0,35,817,760,27.0,9.0,,30.0,Rice/Dal/Roti,0.0,0.0,0.0,0.0,1
SYN_lunch_2026-09-25,Friday,lunch,14:15-14:20,0,39,817,799,27.0,9.0,,0.0,Rice/Dal/Roti,0.0,0.0,0.0,0.0,1
SYN_lunch_2026-09-25,Friday,lunch,14:20-14:25,0,14,817,813,27.0,9.0,,0.0,Rice/Dal/Roti,0.0,0.0,0.0,0.0,1
SYN_lunch_2026-09-25,Friday,lunch,14:25-14:30,0,4,817,817,27.0,9.0,,0.0,Rice/Dal/Roti,0.0,0.0,0.0,0.0,1
SYN_dinner_2026-09-25,Friday,dinner,19:30-19:35,32,0,32,0,3.0,1.0,,29.0,Paneer + Roti (special),116.0,23.2,5.8,1.0,1
SYN_dinner_2026-09-25,Friday,dinner,19:35-19:40,38,0,70,0,4.0,1.3,,66.0,Paneer + Roti (special),148.0,29.6,7.4,0.3,1
SYN_dinner_2026-09-25,Friday,dinner,19:40-19:45,31,2,101,2,0.0,0.0,,99.0,Paneer + Roti (special),140.0,28.0,7.0,0.0,1
SYN_dinner_2026-09-25,Friday,dinner,19:45-19:50,16,9,117,11,0.0,0.0,,106.0,Paneer + Roti (special),64.0,12.8,3.2,0.0,1
SYN_dinner_2026-09-25,Friday,dinner,19:50-19:55,7,22,124,33,0.0,0.0,,91.0,Paneer + Roti (special),28.0,5.6,1.4,0.0,1
SYN_dinner_2026-09-25,Friday,dinner,19:55-20:00,5,31,129,64,1.0,0.3,,64.0,Paneer + Roti (special),16.0,3.2,0.8,0.3,1
SYN_dinner_2026-09-25,Friday,dinner,20:00-20:05,30,30,159,94,1.0,0.3,,64.0,Paneer + Roti (special),120.0,24.0,6.0,0.0,1
SYN_dinner_2026-09-25,Friday,dinner,20:05-20:10,35,20,194,114,4.0,1.3,,76.0,Paneer + Roti (special),128.0,25.6,6.4,1.0,1
SYN_dinner_2026-09-25,Friday,dinner,20:10-20:15,27,11,221,125,4.0,1.3,,92.0,Paneer + Roti (special),108.0,21.6,5.4,0.0,1
SYN_dinner_2026-09-25,Friday,dinner,20:15-20:20,36,15,257,140,6.0,2.0,,111.0,Paneer + Roti (special),136.0,27.2,6.8,0.7,1
SYN_dinner_2026-09-25,Friday,dinner,20:20-20:25,39,18,296,158,11.0,3.7,,127.0,Paneer + Roti (special),136.0,27.2,6.8,1.7,1
SYN_dinner_2026-09-25,Friday,dinner,20:25-20:30,36,34,332,192,13.0,4.3,,127.0,Paneer + Roti (special),136.0,27.2,6.8,0.7,1
SYN_dinner_2026-09-25,Friday,dinner,20:30-20:35,40,23,372,215,18.0,6.0,,139.0,Paneer + Roti (special),140.0,28.0,7.0,1.7,1
SYN_dinner_2026-09-25,Friday,dinner,20:35-20:40,30,37,402,252,13.0,4.3,,137.0,Paneer + Roti (special),140.0,28.0,7.0,0.0,1
SYN_dinner_2026-09-25,Friday,dinner,20:40-20:45,41,34,443,286,18.0,6.0,,139.0,Paneer + Roti (special),144.0,28.8,7.2,1.7,1
SYN_dinner_2026-09-25,Friday,dinner,20:45-20:50,30,27,473,313,12.0,4.0,,148.0,Paneer + Roti (special),144.0,28.8,7.2,0.0,1
SYN_dinner_2026-09-25,Friday,dinner,20:50-20:55,21,32,494,345,1.0,0.3,,148.0,Paneer + Roti (special),128.0,25.6,6.4,0.0,1
SYN_dinner_2026-09-25,Friday,dinner,20:55-21:00,29,42,523,387,1.0,0.3,,135.0,Paneer + Roti (special),116.0,23.2,5.8,0.0,1
SYN_dinner_2026-09-25,Friday,dinner,21:00-21:05,34,32,557,419,7.0,2.3,,131.0,Paneer + Roti (special),112.0,22.4,5.6,2.0,1
SYN_dinner_2026-09-25,Friday,dinner,21:05-21:10,44,48,601,467,15.0,5.0,,119.0,Paneer + Roti (special),144.0,28.8,7.2,2.7,1
SYN_dinner_2026-09-25,Friday,dinner,21:10-21:15,59,29,660,496,38.0,12.7,,126.0,Paneer + Roti (special),144.0,28.8,7.2,7.7,1
SYN_dinner_2026-09-25,Friday,dinner,21:15-21:20,41,31,701,527,41.0,13.7,,133.0,Paneer + Roti (special),152.0,30.4,7.6,1.0,1
SYN_dinner_2026-09-25,Friday,dinner,21:20-21:25,49,29,750,556,54.0,18.0,,140.0,Paneer + Roti (special),144.0,28.8,7.2,4.3,1
SYN_dinner_2026-09-25,Friday,dinner,21:25-21:30,58,32,808,588,77.0,25.7,,143.0,Paneer + Roti (special),140.0,28.0,7.0,7.7,1
SYN_dinner_2026-09-25,Friday,dinner,21:30-21:35,37,37,845,625,77.0,25.7,,143.0,Paneer + Roti (special),148.0,29.6,7.4,0.0,1
SYN_dinner_2026-09-25,Friday,dinner,21:35-21:40,40,38,885,663,82.0,27.3,,140.0,Paneer + Roti (special),140.0,28.0,7.0,1.7,1
SYN_dinner_2026-09-25,Friday,dinner,21:40-21:45,27,42,912,705,74.0,24.7,,133.0,Paneer + Roti (special),140.0,28.0,7.0,0.0,1
SYN_dinner_2026-09-25,Friday,dinner,21:45-21:50,0,34,912,739,38.0,12.7,,135.0,Paneer + Roti (special),144.0,28.8,7.2,0.0,1
SYN_dinner_2026-09-25,Friday,dinner,21:50-21:55,0,34,912,773,3.0,1.0,,136.0,Paneer + Roti (special),140.0,28.0,7.0,0.0,1
SYN_dinner_2026-09-25,Friday,dinner,21:55-22:00,0,40,912,813,2.0,0.7,,97.0,Paneer + Roti (special),4.0,0.8,0.2,0.0,1
SYN_dinner_2026-09-25,Friday,dinner,22:00-22:05,0,29,912,842,2.0,0.7,,68.0,Paneer + Roti (special),0.0,0.0,0.0,0.0,1
SYN_dinner_2026-09-25,Friday,dinner,22:05-22:10,0,36,912,878,2.0,0.7,,32.0,Paneer + Roti (special),0.0,0.0,0.0,0.0,1
SYN_dinner_2026-09-25,Friday,dinner,22:10-22:15,0,26,912,904,2.0,0.7,,6.0,Paneer + Roti (special),0.0,0.0,0.0,0.0,1
SYN_dinner_2026-09-25,Friday,dinner,22:15-22:20,0,6,912,910,2.0,0.7,,0.0,Paneer + Roti (special),0.0,0.0,0.0,0.0,1
SYN_dinner_2026-09-25,Friday,dinner,22:20-22:25,0,2,912,912,2.0,0.7,,0.0,Paneer + Roti (special),0.0,0.0,0.0,0.0,1
MESSA_breakfast_2026-09-26,Saturday,breakfast,08:00-08:05,9,0,9,0,0.0,0.0,,9.0,Dosa,18.0,3.6,1.8,0.0,0
MESSA_breakfast_2026-09-26,Saturday,breakfast,08:05-08:10,3,0,12,0,0.0,1.0,,12.0,Dosa,8.0,1.6,0.8,1.0,0
MESSA_breakfast_2026-09-26,Saturday,breakfast,08:10-08:15,4,1,16,1,0.0,0.0,,15.0,Dosa,8.0,1.6,0.8,0.0,0
MESSA_breakfast_2026-09-26,Saturday,breakfast,08:15-08:20,9,2,25,3,0.0,0.0,,22.0,Dosa,18.0,3.6,1.8,0.0,0
MESSA_breakfast_2026-09-26,Saturday,breakfast,08:20-08:25,3,4,28,7,0.0,1.0,,21.0,Dosa,4.0,0.8,0.4,1.0,0
MESSA_breakfast_2026-09-26,Saturday,breakfast,08:25-08:30,6,4,34,11,0.0,0.0,,23.0,Dosa,12.0,2.4,1.2,0.0,0
MESSA_breakfast_2026-09-26,Saturday,breakfast,08:30-08:35,16,3,50,14,0.0,0.0,,36.0,Dosa,32.0,6.4,3.2,0.0,0
MESSA_breakfast_2026-09-26,Saturday,breakfast,08:35-08:40,14,6,64,20,0.0,0.0,,44.0,Dosa,28.0,5.6,2.8,0.0,0
MESSA_breakfast_2026-09-26,Saturday,breakfast,08:40-08:45,9,11,73,31,1.0,0.3,,41.0,Dosa,16.0,3.2,1.6,0.3,0
MESSA_breakfast_2026-09-26,Saturday,breakfast,08:45-08:50,15,9,88,40,16.0,5.3,,32.0,Dosa,0.0,0.0,0.0,5.0,0
MESSA_breakfast_2026-09-26,Saturday,breakfast,08:50-08:55,16,10,104,50,16.0,5.3,,38.0,Dosa,32.0,6.4,3.2,0.0,0
MESSA_breakfast_2026-09-26,Saturday,breakfast,08:55-09:00,19,11,123,61,19.0,6.3,,43.0,Dosa,32.0,6.4,3.2,1.0,0
MESSA_breakfast_2026-09-26,Saturday,breakfast,09:00-09:05,22,16,145,77,16.0,5.3,,52.0,Dosa,50.0,10.0,5.0,0.0,0
MESSA_breakfast_2026-09-26,Saturday,breakfast,09:05-09:10,30,12,175,89,16.0,5.3,,70.0,Dosa,60.0,12.0,6.0,0.0,0
MESSA_breakfast_2026-09-26,Saturday,breakfast,09:10-09:15,38,14,213,103,18.0,6.0,,92.0,Dosa,72.0,14.4,7.2,0.7,0
MESSA_breakfast_2026-09-26,Saturday,breakfast,09:15-09:20,27,15,240,118,17.0,5.7,,105.0,Dosa,56.0,11.2,5.6,0.0,0
MESSA_breakfast_2026-09-26,Saturday,breakfast,09:20-09:25,37,31,277,149,17.0,5.7,,111.0,Dosa,74.0,14.8,7.4,0.0,0
MESSA_breakfast_2026-09-26,Saturday,breakfast,09:25-09:30,43,29,320,178,21.0,7.0,,121.0,Dosa,78.0,15.6,7.8,1.3,0
MESSA_breakfast_2026-09-26,Saturday,breakfast,09:30-09:35,46,31,366,209,25.0,8.3,,132.0,Dosa,84.0,16.8,8.4,1.3,0
MESSA_breakfast_2026-09-26,Saturday,breakfast,09:35-09:40,49,32,415,241,34.0,11.3,,140.0,Dosa,80.0,16.0,8.0,3.0,0
MESSA_breakfast_2026-09-26,Saturday,breakfast,09:40-09:45,104,31,519,272,99.0,33.0,,148.0,Dosa,78.0,15.6,7.8,21.7,0
MESSA_breakfast_2026-09-26,Saturday,breakfast,09:45-09:50,102,50,621,322,161.0,53.7,,138.0,Dosa,80.0,16.0,8.0,20.7,0
MESSA_breakfast_2026-09-26,Saturday,breakfast,09:50-09:55,67,37,688,359,189.0,63.0,,140.0,Dosa,78.0,15.6,7.8,9.3,0
MESSA_breakfast_2026-09-26,Saturday,breakfast,09:55-10:00,37,36,725,395,188.0,62.7,,142.0,Dosa,76.0,15.2,7.6,0.0,0
MESSA_breakfast_2026-09-26,Saturday,breakfast,10:00-10:05,32,45,757,440,180.0,60.0,,137.0,Dosa,80.0,16.0,8.0,0.0,0
MESSA_breakfast_2026-09-26,Saturday,breakfast,10:05-10:10,34,37,791,477,175.0,58.3,,139.0,Dosa,78.0,15.6,7.8,0.0,0
MESSA_breakfast_2026-09-26,Saturday,breakfast,10:10-10:15,23,47,814,524,198.0,66.0,,92.0,Dosa,0.0,0.0,0.0,7.7,0
MESSA_breakfast_2026-09-26,Saturday,breakfast,10:15-10:20,0,33,814,557,158.0,52.7,,99.0,Dosa,80.0,16.0,8.0,0.0,0
MESSA_breakfast_2026-09-26,Saturday,breakfast,10:20-10:25,0,36,814,593,120.0,40.0,,101.0,Dosa,76.0,15.2,7.6,0.0,0
MESSA_breakfast_2026-09-26,Saturday,breakfast,10:25-10:30,0,44,814,637,80.0,26.7,,97.0,Dosa,80.0,16.0,8.0,0.0,0
MESSA_breakfast_2026-09-26,Saturday,breakfast,10:30-10:35,0,35,814,672,54.0,18.0,,88.0,Dosa,52.0,10.4,5.2,0.0,0
MESSA_breakfast_2026-09-26,Saturday,breakfast,10:35-10:40,0,40,814,712,54.0,18.0,,48.0,Dosa,0.0,0.0,0.0,0.0,0
MESSA_breakfast_2026-09-26,Saturday,breakfast,10:40-10:45,0,35,814,747,54.0,18.0,,13.0,Dosa,0.0,0.0,0.0,0.0,0
MESSA_breakfast_2026-09-26,Saturday,breakfast,10:45-10:50,0,36,814,783,54.0,18.0,,0.0,Dosa,0.0,0.0,0.0,0.0,0
MESSA_breakfast_2026-09-26,Saturday,breakfast,10:50-10:55,0,28,814,811,54.0,18.0,,0.0,Dosa,0.0,0.0,0.0,0.0,0
MESSA_breakfast_2026-09-26,Saturday,breakfast,10:55-11:00,0,2,814,813,54.0,18.0,,0.0,Dosa,0.0,0.0,0.0,0.0,0
MESSA_breakfast_2026-09-26,Saturday,breakfast,11:00-11:05,0,1,814,814,54.0,18.0,,0.0,Dosa,0.0,0.0,0.0,0.0,0
MESSA_lunch_2026-09-26,Saturday,lunch,12:15-12:20,9,0,9,0,0.0,0.0,,9.0,Rice/Dal/Roti,36.0,7.2,1.8,0.0,0
MESSA_lunch_2026-09-26,Saturday,lunch,12:20-12:25,20,0,29,0,0.0,0.0,,29.0,Rice/Dal/Roti,80.0,16.0,4.0,0.0,0
MESSA_lunch_2026-09-26,Saturday,lunch,12:25-12:30,20,0,49,0,0.0,0.0,,49.0,Rice/Dal/Roti,80.0,16.0,4.0,0.0,0
MESSA_lunch_2026-09-26,Saturday,lunch,12:30-12:35,24,2,73,2,0.0,0.0,,71.0,Rice/Dal/Roti,96.0,19.2,4.8,0.0,0
MESSA_lunch_2026-09-26,Saturday,lunch,12:35-12:40,20,7,93,9,0.0,0.0,,84.0,Rice/Dal/Roti,80.0,16.0,4.0,0.0,0
MESSA_lunch_2026-09-26,Saturday,lunch,12:40-12:45,44,14,137,23,2.0,0.7,,112.0,Rice/Dal/Roti,168.0,33.6,8.4,0.7,0
MESSA_lunch_2026-09-26,Saturday,lunch,12:45-12:50,42,19,179,42,0.0,0.0,,137.0,Rice/Dal/Roti,176.0,35.2,8.8,0.0,0
MESSA_lunch_2026-09-26,Saturday,lunch,12:50-12:55,36,28,215,70,0.0,0.0,,145.0,Rice/Dal/Roti,144.0,28.8,7.2,0.0,0
MESSA_lunch_2026-09-26,Saturday,lunch,12:55-13:00,52,30,267,100,4.0,1.3,,163.0,Rice/Dal/Roti,192.0,38.4,9.6,1.3,0
MESSA_lunch_2026-09-26,Saturday,lunch,13:00-13:05,56,42,323,142,12.0,4.0,,169.0,Rice/Dal/Roti,192.0,38.4,9.6,2.7,0
MESSA_lunch_2026-09-26,Saturday,lunch,13:05-13:10,34,36,357,178,0.0,0.0,,179.0,Rice/Dal/Roti,184.0,36.8,9.2,0.0,0
MESSA_lunch_2026-09-26,Saturday,lunch,13:10-13:15,41,42,398,220,0.0,0.0,,178.0,Rice/Dal/Roti,164.0,32.8,8.2,0.0,0
MESSA_lunch_2026-09-26,Saturday,lunch,13:15-13:20,41,44,439,264,0.0,0.0,,175.0,Rice/Dal/Roti,164.0,32.8,8.2,0.0,0
MESSA_lunch_2026-09-26,Saturday,lunch,13:20-13:25,46,43,485,307,2.0,0.7,,176.0,Rice/Dal/Roti,176.0,35.2,8.8,0.7,0
MESSA_lunch_2026-09-26,Saturday,lunch,13:25-13:30,53,45,538,352,10.0,3.3,,176.0,Rice/Dal/Roti,180.0,36.0,9.0,2.7,0
MESSA_lunch_2026-09-26,Saturday,lunch,13:30-13:35,33,46,571,398,0.0,0.0,,173.0,Rice/Dal/Roti,176.0,35.2,8.8,0.0,0
MESSA_lunch_2026-09-26,Saturday,lunch,13:35-13:40,23,38,594,436,0.0,0.0,,158.0,Rice/Dal/Roti,92.0,18.4,4.6,0.0,0
MESSA_lunch_2026-09-26,Saturday,lunch,13:40-13:45,41,51,635,487,1.0,0.3,,147.0,Rice/Dal/Roti,156.0,31.2,7.8,0.7,0
MESSA_lunch_2026-09-26,Saturday,lunch,13:45-13:50,32,37,667,524,0.0,0.0,,143.0,Rice/Dal/Roti,136.0,27.2,6.8,0.0,0
MESSA_lunch_2026-09-26,Saturday,lunch,13:50-13:55,27,42,694,566,0.0,0.0,,128.0,Rice/Dal/Roti,108.0,21.6,5.4,0.0,0
MESSA_lunch_2026-09-26,Saturday,lunch,13:55-14:00,26,26,720,592,3.0,1.0,,125.0,Rice/Dal/Roti,88.0,17.6,4.4,1.3,0
MESSA_lunch_2026-09-26,Saturday,lunch,14:00-14:05,29,42,749,634,0.0,0.0,,115.0,Rice/Dal/Roti,132.0,26.4,6.6,0.0,0
MESSA_lunch_2026-09-26,Saturday,lunch,14:05-14:10,26,35,775,669,0.0,0.0,,106.0,Rice/Dal/Roti,104.0,20.8,5.2,0.0,0
MESSA_lunch_2026-09-26,Saturday,lunch,14:10-14:15,25,27,800,696,0.0,0.0,,104.0,Rice/Dal/Roti,96.0,19.2,4.8,0.3,0
MESSA_lunch_2026-09-26,Saturday,lunch,14:15-14:20,18,27,818,723,0.0,0.0,,95.0,Rice/Dal/Roti,76.0,15.2,3.8,0.0,0
MESSA_lunch_2026-09-26,Saturday,lunch,14:20-14:25,12,23,830,746,0.0,0.0,,84.0,Rice/Dal/Roti,48.0,9.6,2.4,0.0,0
MESSA_lunch_2026-09-26,Saturday,lunch,14:25-14:30,9,30,839,776,0.0,0.0,,63.0,Rice/Dal/Roti,36.0,7.2,1.8,0.0,0
MESSA_lunch_2026-09-26,Saturday,lunch,14:30-14:35,0,21,839,797,0.0,0.0,,42.0,Rice/Dal/Roti,0.0,0.0,0.0,0.0,0
MESSA_lunch_2026-09-26,Saturday,lunch,14:35-14:40,0,15,839,812,0.0,0.0,,27.0,Rice/Dal/Roti,0.0,0.0,0.0,0.0,0
MESSA_lunch_2026-09-26,Saturday,lunch,14:40-14:45,0,14,839,826,0.0,0.0,,13.0,Rice/Dal/Roti,0.0,0.0,0.0,0.0,0
MESSA_lunch_2026-09-26,Saturday,lunch,14:45-14:50,0,7,839,833,0.0,0.0,,6.0,Rice/Dal/Roti,0.0,0.0,0.0,0.0,0
MESSA_lunch_2026-09-26,Saturday,lunch,14:50-14:55,0,6,839,839,0.0,0.0,,0.0,Rice/Dal/Roti,0.0,0.0,0.0,0.0,0
MESSA_dinner_2026-09-26,Saturday,dinner,20:00-20:05,13,0,13,0,0.0,0.0,,13.0,Roti/Sabzi,52.0,10.4,2.6,0.0,0
MESSA_dinner_2026-09-26,Saturday,dinner,20:05-20:10,20,0,33,0,0.0,0.0,,33.0,Roti/Sabzi,80.0,16.0,4.0,0.0,0
MESSA_dinner_2026-09-26,Saturday,dinner,20:10-20:15,25,0,58,0,0.0,0.0,,58.0,Roti/Sabzi,100.0,20.0,5.0,0.0,0
MESSA_dinner_2026-09-26,Saturday,dinner,20:15-20:20,31,8,89,8,0.0,0.0,,81.0,Roti/Sabzi,124.0,24.8,6.2,0.0,0
MESSA_dinner_2026-09-26,Saturday,dinner,20:20-20:25,54,7,143,15,10.0,3.3,,118.0,Roti/Sabzi,176.0,35.2,8.8,3.3,0
MESSA_dinner_2026-09-26,Saturday,dinner,20:25-20:30,46,18,189,33,6.0,2.0,,150.0,Roti/Sabzi,200.0,40.0,10.0,0.0,0
MESSA_dinner_2026-09-26,Saturday,dinner,20:30-20:35,54,26,243,59,9.0,3.0,,175.0,Roti/Sabzi,204.0,40.8,10.2,1.0,0
MESSA_dinner_2026-09-26,Saturday,dinner,20:35-20:40,60,32,303,91,17.0,5.7,,195.0,Roti/Sabzi,208.0,41.6,10.4,2.7,0
MESSA_dinner_2026-09-26,Saturday,dinner,20:40-20:45,69,42,372,133,35.0,11.7,,204.0,Roti/Sabzi,204.0,40.8,10.2,6.0,0
MESSA_dinner_2026-09-26,Saturday,dinner,20:45-20:50,67,56,439,189,52.0,17.3,,198.0,Roti/Sabzi,200.0,40.0,10.0,5.7,0
MESSA_dinner_2026-09-26,Saturday,dinner,20:50-20:55,47,44,486,233,45.0,15.0,,208.0,Roti/Sabzi,216.0,43.2,10.8,0.0,0
MESSA_dinner_2026-09-26,Saturday,dinner,20:55-21:00,47,57,533,290,40.0,13.3,,203.0,Roti/Sabzi,208.0,41.6,10.4,0.0,0
MESSA_dinner_2026-09-26,Saturday,dinner,21:00-21:05,50,48,583,338,35.0,11.7,,210.0,Roti/Sabzi,220.0,44.0,11.0,0.0,0
MESSA_dinner_2026-09-26,Saturday,dinner,21:05-21:10,42,59,625,397,27.0,9.0,,201.0,Roti/Sabzi,200.0,40.0,10.0,0.0,0
MESSA_dinner_2026-09-26,Saturday,dinner,21:10-21:15,38,46,663,443,12.0,4.0,,208.0,Roti/Sabzi,212.0,42.4,10.6,0.0,0
MESSA_dinner_2026-09-26,Saturday,dinner,21:15-21:20,49,54,712,497,10.0,3.3,,205.0,Roti/Sabzi,204.0,40.8,10.2,0.0,0
MESSA_dinner_2026-09-26,Saturday,dinner,21:20-21:25,47,52,759,549,7.0,2.3,,203.0,Roti/Sabzi,200.0,40.0,10.0,0.0,0
MESSA_dinner_2026-09-26,Saturday,dinner,21:25-21:30,30,49,789,598,0.0,0.0,,191.0,Roti/Sabzi,152.0,30.4,7.6,0.0,0
MESSA_dinner_2026-09-26,Saturday,dinner,21:30-21:35,25,54,814,652,0.0,0.0,,162.0,Roti/Sabzi,100.0,20.0,5.0,0.0,0
MESSA_dinner_2026-09-26,Saturday,dinner,21:35-21:40,26,47,840,699,0.0,0.0,,141.0,Roti/Sabzi,104.0,20.8,5.2,0.0,0
MESSA_dinner_2026-09-26,Saturday,dinner,21:40-21:45,26,59,866,758,0.0,0.0,,108.0,Roti/Sabzi,104.0,20.8,5.2,0.0,0
MESSA_dinner_2026-09-26,Saturday,dinner,21:45-21:50,24,25,890,783,0.0,0.0,,107.0,Roti/Sabzi,96.0,19.2,4.8,0.0,0
MESSA_dinner_2026-09-26,Saturday,dinner,21:50-21:55,19,28,909,811,0.0,0.0,,98.0,Roti/Sabzi,72.0,14.4,3.6,0.3,0
MESSA_dinner_2026-09-26,Saturday,dinner,21:55-22:00,9,23,918,834,0.0,0.0,,84.0,Roti/Sabzi,36.0,7.2,1.8,0.0,0
MESSA_dinner_2026-09-26,Saturday,dinner,22:00-22:05,0,27,918,861,0.0,0.0,,57.0,Roti/Sabzi,0.0,0.0,0.0,0.0,0
MESSA_dinner_2026-09-26,Saturday,dinner,22:05-22:10,0,27,918,888,0.0,0.0,,30.0,Roti/Sabzi,0.0,0.0,0.0,0.0,0
MESSA_dinner_2026-09-26,Saturday,dinner,22:10-22:15,0,18,918,906,0.0,0.0,,12.0,Roti/Sabzi,0.0,0.0,0.0,0.0,0
MESSA_dinner_2026-09-26,Saturday,dinner,22:15-22:20,0,8,918,914,0.0,0.0,,4.0,Roti/Sabzi,0.0,0.0,0.0,0.0,0
MESSA_dinner_2026-09-26,Saturday,dinner,22:20-22:25,0,3,918,917,0.0,0.0,,1.0,Roti/Sabzi,0.0,0.0,0.0,0.0,0
MESSA_dinner_2026-09-26,Saturday,dinner,22:25-22:30,0,1,918,918,0.0,0.0,,0.0,Roti/Sabzi,0.0,0.0,0.0,0.0,0
MESSA_breakfast_2026-09-27,Sunday,breakfast,08:00-08:05,6,0,6,0,1.0,0.3,,5.0,Dosa,10.0,2.0,1.0,0.3,0
MESSA_breakfast_2026-09-27,Sunday,breakfast,08:05-08:10,4,0,10,0,1.0,0.3,,9.0,Dosa,8.0,1.6,0.8,0.0,0
MESSA_breakfast_2026-09-27,Sunday,breakfast,08:10-08:15,10,0,20,0,1.0,0.3,,19.0,Dosa,20.0,4.0,2.0,0.0,0
MESSA_breakfast_2026-09-27,Sunday,breakfast,08:15-08:20,6,4,26,4,1.0,0.3,,21.0,Dosa,12.0,2.4,1.2,0.0,0
MESSA_breakfast_2026-09-27,Sunday,breakfast,08:20-08:25,10,2,36,6,0.0,0.0,,30.0,Dosa,22.0,4.4,2.2,0.0,0
MESSA_breakfast_2026-09-27,Sunday,breakfast,08:25-08:30,8,6,44,12,0.0,0.0,,32.0,Dosa,16.0,3.2,1.6,0.0,0
MESSA_breakfast_2026-09-27,Sunday,breakfast,08:30-08:35,8,4,52,16,0.0,0.0,,36.0,Dosa,18.0,3.6,1.8,0.0,0
MESSA_breakfast_2026-09-27,Sunday,breakfast,08:35-08:40,5,12,57,28,0.0,0.0,,29.0,Dosa,12.0,2.4,1.2,0.0,0
MESSA_breakfast_2026-09-27,Sunday,breakfast,08:40-08:45,17,5,74,33,0.0,0.0,,41.0,Dosa,34.0,6.8,3.4,0.0,0
MESSA_breakfast_2026-09-27,Sunday,breakfast,08:45-08:50,18,12,92,45,0.0,0.0,,47.0,Dosa,36.0,7.2,3.6,0.0,0
MESSA_breakfast_2026-09-27,Sunday,breakfast,08:50-08:55,20,5,112,50,0.0,0.0,,62.0,Dosa,40.0,8.0,4.0,0.0,0
MESSA_breakfast_2026-09-27,Sunday,breakfast,08:55-09:00,20,7,132,57,0.0,0.0,,75.0,Dosa,40.0,8.0,4.0,0.0,0
MESSA_breakfast_2026-09-27,Sunday,breakfast,09:00-09:05,25,18,157,75,0.0,0.0,,82.0,Dosa,48.0,9.6,4.8,0.3,0
MESSA_breakfast_2026-09-27,Sunday,breakfast,09:05-09:10,28,23,185,98,0.0,0.0,,87.0,Dosa,56.0,11.2,5.6,0.0,0
MESSA_breakfast_2026-09-27,Sunday,breakfast,09:10-09:15,29,18,214,116,0.0,0.0,,98.0,Dosa,60.0,12.0,6.0,0.0,0
MESSA_breakfast_2026-09-27,Sunday,breakfast,09:15-09:20,41,18,255,134,3.0,1.0,,118.0,Dosa,72.0,14.4,7.2,1.7,0
MESSA_breakfast_2026-09-27,Sunday,breakfast,09:20-09:25,40,20,295,154,7.0,2.3,,134.0,Dosa,72.0,14.4,7.2,1.3,0
MESSA_breakfast_2026-09-27,Sunday,breakfast,09:25-09:30,46,30,341,184,17.0,5.7,,140.0,Dosa,72.0,14.4,7.2,3.3,0
MESSA_breakfast_2026-09-27,Sunday,breakfast,09:30-09:35,48,36,389,220,27.0,9.0,,142.0,Dosa,76.0,15.2,7.6,3.3,0
MESSA_breakfast_2026-09-27,Sunday,breakfast,09:35-09:40,71,30,460,250,58.0,19.3,,152.0,Dosa,80.0,16.0,8.0,10.3,0
MESSA_breakfast_2026-09-27,Sunday,breakfast,09:40-09:45,110,32,570,282,129.0,43.0,,159.0,Dosa,78.0,15.6,7.8,23.7,0
MESSA_breakfast_2026-09-27,Sunday,breakfast,09:45-09:50,76,46,646,328,166.0,55.3,,152.0,Dosa,78.0,15.6,7.8,12.3,0
MESSA_breakfast_2026-09-27,Sunday,breakfast,09:50-09:55,48,34,694,362,175.0,58.3,,157.0,Dosa,78.0,15.6,7.8,3.0,0
MESSA_breakfast_2026-09-27,Sunday,breakfast,09:55-10:00,42,36,736,398,181.0,60.3,,157.0,Dosa,72.0,14.4,7.2,2.0,0
MESSA_breakfast_2026-09-27,Sunday,breakfast,10:00-10:05,34,35,770,433,215.0,71.7,,122.0,Dosa,0.0,0.0,0.0,11.3,0
MESSA_breakfast_2026-09-27,Sunday,breakfast,10:05-10:10,39,46,809,479,218.0,72.7,,112.0,Dosa,72.0,14.4,7.2,1.0,0
MESSA_breakfast_2026-09-27,Sunday,breakfast,10:10-10:15,29,41,838,520,207.0,69.0,,111.0,Dosa,80.0,16.0,8.0,0.0,0
MESSA_breakfast_2026-09-27,Sunday,breakfast,10:15-10:20,0,39,838,559,168.0,56.0,,111.0,Dosa,78.0,15.6,7.8,0.0,0
MESSA_breakfast_2026-09-27,Sunday,breakfast,10:20-10:25,0,29,838,588,130.0,43.3,,120.0,Dosa,76.0,15.2,7.6,0.0,0
MESSA_breakfast_2026-09-27,Sunday,breakfast,10:25-10:30,0,43,838,631,94.0,31.3,,113.0,Dosa,72.0,14.4,7.2,0.0,0
MESSA_breakfast_2026-09-27,Sunday,breakfast,10:30-10:35,0,27,838,658,57.0,19.0,,123.0,Dosa,74.0,14.8,7.4,0.0,0
MESSA_breakfast_2026-09-27,Sunday,breakfast,10:35-10:40,0,38,838,696,33.0,11.0,,109.0,Dosa,48.0,9.6,4.8,0.0,0
MESSA_breakfast_2026-09-27,Sunday,breakfast,10:40-10:45,0,49,838,745,33.0,11.0,,60.0,Dosa,0.0,0.0,0.0,0.0,0
MESSA_breakfast_2026-09-27,Sunday,breakfast,10:45-10:50,0,34,838,779,33.0,11.0,,26.0,Dosa,0.0,0.0,0.0,0.0,0
MESSA_breakfast_2026-09-27,Sunday,breakfast,10:50-10:55,0,30,838,809,33.0,11.0,,0.0,Dosa,0.0,0.0,0.0,0.0,0
MESSA_breakfast_2026-09-27,Sunday,breakfast,10:55-11:00,0,21,838,830,33.0,11.0,,0.0,Dosa,0.0,0.0,0.0,0.0,0
MESSA_breakfast_2026-09-27,Sunday,breakfast,11:00-11:05,0,8,838,838,33.0,11.0,,0.0,Dosa,0.0,0.0,0.0,0.0,0
MESSA_lunch_2026-09-27,Sunday,lunch,12:15-12:20,7,0,7,0,0.0,0.0,,7.0,Rice/Dal/Roti,28.0,5.6,1.4,0.0,0
MESSA_lunch_2026-09-27,Sunday,lunch,12:20-12:25,15,0,22,0,0.0,0.0,,22.0,Rice/Dal/Roti,64.0,12.8,3.2,0.0,0
MESSA_lunch_2026-09-27,Sunday,lunch,12:25-12:30,20,0,42,0,0.0,0.0,,42.0,Rice/Dal/Roti,80.0,16.0,4.0,0.0,0
MESSA_lunch_2026-09-27,Sunday,lunch,12:30-12:35,25,0,67,0,0.0,0.0,,67.0,Rice/Dal/Roti,100.0,20.0,5.0,0.0,0
MESSA_lunch_2026-09-27,Sunday,lunch,12:35-12:40,39,5,106,5,0.0,0.0,,101.0,Rice/Dal/Roti,156.0,31.2,7.8,0.0,0
MESSA_lunch_2026-09-27,Sunday,lunch,12:40-12:45,43,15,149,20,4.0,1.3,,125.0,Rice/Dal/Roti,152.0,30.4,7.6,1.7,0
MESSA_lunch_2026-09-27,Sunday,lunch,12:45-12:50,43,28,192,48,7.0,2.3,,137.0,Rice/Dal/Roti,160.0,32.0,8.0,1.0,0
MESSA_lunch_2026-09-27,Sunday,lunch,12:50-12:55,47,24,239,72,10.0,3.3,,157.0,Rice/Dal/Roti,176.0,35.2,8.8,1.0,0
MESSA_lunch_2026-09-27,Sunday,lunch,12:55-13:00,52,41,291,113,15.0,5.0,,163.0,Rice/Dal/Roti,188.0,37.6,9.4,1.7,0
MESSA_lunch_2026-09-27,Sunday,lunch,13:00-13:05,45,35,336,148,18.0,6.0,,170.0,Rice/Dal/Roti,168.0,33.6,8.4,1.0,0
MESSA_lunch_2026-09-27,Sunday,lunch,13:05-13:10,46,35,382,183,18.0,6.0,,181.0,Rice/Dal/Roti,184.0,36.8,9.2,0.0,0
MESSA_lunch_2026-09-27,Sunday,lunch,13:10-13:15,59,48,441,231,31.0,10.3,,179.0,Rice/Dal/Roti,184.0,36.8,9.2,4.3,0
MESSA_lunch_2026-09-27,Sunday,lunch,13:15-13:20,36,36,477,267,20.0,6.7,,190.0,Rice/Dal/Roti,188.0,37.6,9.4,0.0,0
MESSA_lunch_2026-09-27,Sunday,lunch,13:20-13:25,39,54,516,321,10.0,3.3,,185.0,Rice/Dal/Roti,196.0,39.2,9.8,0.0,0
MESSA_lunch_2026-09-27,Sunday,lunch,13:25-13:30,42,47,558,368,4.0,1.3,,186.0,Rice/Dal/Roti,192.0,38.4,9.6,0.0,0
MESSA_lunch_2026-09-27,Sunday,lunch,13:30-13:35,31,36,589,404,0.0,0.0,,185.0,Rice/Dal/Roti,148.0,29.6,7.4,0.0,0
MESSA_lunch_2026-09-27,Sunday,lunch,13:35-13:40,36,53,625,457,0.0,0.0,,168.0,Rice/Dal/Roti,144.0,28.8,7.2,0.0,0
MESSA_lunch_2026-09-27,Sunday,lunch,13:40-13:45,21,43,646,500,0.0,0.0,,146.0,Rice/Dal/Roti,84.0,16.8,4.2,0.0,0
MESSA_lunch_2026-09-27,Sunday,lunch,13:45-13:50,38,43,684,543,0.0,0.0,,141.0,Rice/Dal/Roti,152.0,30.4,7.6,0.0,0
MESSA_lunch_2026-09-27,Sunday,lunch,13:50-13:55,28,44,712,587,0.0,0.0,,125.0,Rice/Dal/Roti,112.0,22.4,5.6,0.0,0
MESSA_lunch_2026-09-27,Sunday,lunch,13:55-14:00,31,34,743,621,0.0,0.0,,122.0,Rice/Dal/Roti,124.0,24.8,6.2,0.0,0
MESSA_lunch_2026-09-27,Sunday,lunch,14:00-14:05,23,28,766,649,0.0,0.0,,117.0,Rice/Dal/Roti,92.0,18.4,4.6,0.0,0
MESSA_lunch_2026-09-27,Sunday,lunch,14:05-14:10,30,36,796,685,0.0,0.0,,111.0,Rice/Dal/Roti,116.0,23.2,5.8,0.3,0
MESSA_lunch_2026-09-27,Sunday,lunch,14:10-14:15,13,25,809,710,0.0,0.0,,99.0,Rice/Dal/Roti,56.0,11.2,2.8,0.0,0
MESSA_lunch_2026-09-27,Sunday,lunch,14:15-14:20,27,27,836,737,0.0,0.0,,99.0,Rice/Dal/Roti,108.0,21.6,5.4,0.0,0
MESSA_lunch_2026-09-27,Sunday,lunch,14:20-14:25,19,26,855,763,0.0,0.0,,92.0,Rice/Dal/Roti,76.0,15.2,3.8,0.0,0
MESSA_lunch_2026-09-27,Sunday,lunch,14:25-14:30,11,30,866,793,0.0,0.0,,73.0,Rice/Dal/Roti,44.0,8.8,2.2,0.0,0
MESSA_lunch_2026-09-27,Sunday,lunch,14:30-14:35,0,22,866,815,0.0,0.0,,51.0,Rice/Dal/Roti,0.0,0.0,0.0,0.0,0
MESSA_lunch_2026-09-27,Sunday,lunch,14:35-14:40,0,20,866,835,0.0,0.0,,31.0,Rice/Dal/Roti,0.0,0.0,0.0,0.0,0
MESSA_lunch_2026-09-27,Sunday,lunch,14:40-14:45,0,19,866,854,0.0,0.0,,12.0,Rice/Dal/Roti,0.0,0.0,0.0,0.0,0
MESSA_lunch_2026-09-27,Sunday,lunch,14:45-14:50,0,10,866,864,0.0,0.0,,2.0,Rice/Dal/Roti,0.0,0.0,0.0,0.0,0
MESSA_lunch_2026-09-27,Sunday,lunch,14:50-14:55,0,2,866,866,0.0,0.0,,0.0,Rice/Dal/Roti,0.0,0.0,0.0,0.0,0
MESSA_dinner_2026-09-27,Sunday,dinner,20:00-20:05,16,0,16,0,0.0,0.0,,16.0,Roti/Sabzi,64.0,12.8,3.2,0.0,0
MESSA_dinner_2026-09-27,Sunday,dinner,20:05-20:10,10,0,26,0,0.0,0.0,,26.0,Roti/Sabzi,40.0,8.0,2.0,0.0,0
MESSA_dinner_2026-09-27,Sunday,dinner,20:10-20:15,27,0,53,0,0.0,0.0,,53.0,Roti/Sabzi,112.0,22.4,5.6,0.0,0
MESSA_dinner_2026-09-27,Sunday,dinner,20:15-20:20,25,4,78,4,0.0,0.0,,74.0,Roti/Sabzi,100.0,20.0,5.0,0.0,0
MESSA_dinner_2026-09-27,Sunday,dinner,20:20-20:25,27,12,105,16,0.0,0.0,,89.0,Roti/Sabzi,108.0,21.6,5.4,0.0,0
MESSA_dinner_2026-09-27,Sunday,dinner,20:25-20:30,47,17,152,33,1.0,0.3,,118.0,Roti/Sabzi,180.0,36.0,9.0,0.7,0
MESSA_dinner_2026-09-27,Sunday,dinner,20:30-20:35,69,23,221,56,14.0,4.7,,151.0,Roti/Sabzi,224.0,44.8,11.2,4.3,0
MESSA_dinner_2026-09-27,Sunday,dinner,20:35-20:40,64,28,285,84,26.0,8.7,,175.0,Roti/Sabzi,208.0,41.6,10.4,4.0,0
MESSA_dinner_2026-09-27,Sunday,dinner,20:40-20:45,49,24,334,108,24.0,8.0,,202.0,Roti/Sabzi,204.0,40.8,10.2,0.0,0
MESSA_dinner_2026-09-27,Sunday,dinner,20:45-20:50,66,42,400,150,36.0,12.0,,214.0,Roti/Sabzi,216.0,43.2,10.8,4.0,0
MESSA_dinner_2026-09-27,Sunday,dinner,20:50-20:55,54,54,454,204,34.0,11.3,,216.0,Roti/Sabzi,224.0,44.8,11.2,0.0,0
MESSA_dinner_2026-09-27,Sunday,dinner,20:55-21:00,51,48,505,252,34.0,11.3,,219.0,Roti/Sabzi,204.0,40.8,10.2,0.0,0
MESSA_dinner_2026-09-27,Sunday,dinner,21:00-21:05,38,57,543,309,21.0,7.0,,213.0,Roti/Sabzi,204.0,40.8,10.2,0.0,0
MESSA_dinner_2026-09-27,Sunday,dinner,21:05-21:10,51,48,594,357,20.0,6.7,,217.0,Roti/Sabzi,208.0,41.6,10.4,0.0,0
MESSA_dinner_2026-09-27,Sunday,dinner,21:10-21:15,43,55,637,412,11.0,3.7,,214.0,Roti/Sabzi,208.0,41.6,10.4,0.0,0
MESSA_dinner_2026-09-27,Sunday,dinner,21:15-21:20,34,56,671,468,0.0,0.0,,203.0,Roti/Sabzi,184.0,36.8,9.2,0.0,0
MESSA_dinner_2026-09-27,Sunday,dinner,21:20-21:25,42,58,713,526,0.0,0.0,,187.0,Roti/Sabzi,168.0,33.6,8.4,0.0,0
MESSA_dinner_2026-09-27,Sunday,dinner,21:25-21:30,39,50,752,576,0.0,0.0,,176.0,Roti/Sabzi,156.0,31.2,7.8,0.0,0
MESSA_dinner_2026-09-27,Sunday,dinner,21:30-21:35,33,50,785,626,0.0,0.0,,159.0,Roti/Sabzi,128.0,25.6,6.4,0.3,0
MESSA_dinner_2026-09-27,Sunday,dinner,21:35-21:40,21,46,806,672,0.0,0.0,,134.0,Roti/Sabzi,88.0,17.6,4.4,0.0,0
MESSA_dinner_2026-09-27,Sunday,dinner,21:40-21:45,30,35,836,707,0.0,0.0,,129.0,Roti/Sabzi,120.0,24.0,6.0,0.0,0
MESSA_dinner_2026-09-27,Sunday,dinner,21:45-21:50,25,38,861,745,0.0,0.0,,116.0,Roti/Sabzi,100.0,20.0,5.0,0.0,0
MESSA_dinner_2026-09-27,Sunday,dinner,21:50-21:55,18,42,879,787,0.0,0.0,,92.0,Roti/Sabzi,72.0,14.4,3.6,0.0,0
MESSA_dinner_2026-09-27,Sunday,dinner,21:55-22:00,12,21,891,808,0.0,0.0,,83.0,Roti/Sabzi,48.0,9.6,2.4,0.0,0
MESSA_dinner_2026-09-27,Sunday,dinner,22:00-22:05,0,25,891,833,0.0,0.0,,58.0,Roti/Sabzi,0.0,0.0,0.0,0.0,0
MESSA_dinner_2026-09-27,Sunday,dinner,22:05-22:10,0,23,891,856,0.0,0.0,,35.0,Roti/Sabzi,0.0,0.0,0.0,0.0,0
MESSA_dinner_2026-09-27,Sunday,dinner,22:10-22:15,0,20,891,876,0.0,0.0,,15.0,Roti/Sabzi,0.0,0.0,0.0,0.0,0
MESSA_dinner_2026-09-27,Sunday,dinner,22:15-22:20,0,12,891,888,0.0,0.0,,3.0,Roti/Sabzi,0.0,0.0,0.0,0.0,0
MESSA_dinner_2026-09-27,Sunday,dinner,22:20-22:25,0,3,891,891,0.0,0.0,,0.0,Roti/Sabzi,0.0,0.0,0.0,0.0,0
